benchmark,config_name,row_id,row_idx,dilemma_source,dilemma_type,role_domain,context,theory,action_locus_label,action_locus_status,theory_identity_label,theory_identity_status,dilemma_structure_label,domain_topic_label,stakeholder_tradeoff_density_label,stakeholder_tradeoff_density_status,response_side_labels_status,freeze_version,freeze_date
morebench,morebench_public,morebench_public__0000,0,daily_dilemmas,long_case,ai_advisor,Right & Duty & Justice,neutral,ai_advisor,blocked_on_augmentation,neutral,metadata_only_until_prompt_exposed,long_case,Right & Duty & Justice,,pending_gold_slice_validation,requires_fresh_generations,v1,2026-04-22
morebench,morebench_public,morebench_public__0001,1,daily_dilemmas,short_case,ai_advisor,Interpersonal relationship,neutral,ai_advisor,blocked_on_augmentation,neutral,metadata_only_until_prompt_exposed,short_case,Interpersonal relationship,,pending_gold_slice_validation,requires_fresh_generations,v1,2026-04-22
morebench,morebench_public,morebench_public__0002,2,daily_dilemmas,short_case,ai_advisor,Interpersonal relationship,neutral,ai_advisor,blocked_on_augmentation,neutral,metadata_only_until_prompt_exposed,short_case,Interpersonal relationship,,pending_gold_slice_validation,requires_fresh_generations,v1,2026-04-22
morebench,morebench_public,morebench_public__0003,3,expert_written_ethic_bowl,expert_case,ai_advisor,Business & Workplace,neutral,ai_advisor,blocked_on_augmentation,neutral,metadata_only_until_prompt_exposed,expert_case,Business & Workplace,,pending_gold_slice_validation,requires_fresh_generations,v1,2026-04-22
morebench,morebench_public,morebench_public__0004,4,ai_risk_dilemmas,short_case,ai_agent,Business & Workplace,neutral,ai_agent,blocked_on_augmentation,neutral,metadata_only_until_prompt_exposed,short_case,Business & Workplace,,pending_gold_slice_validation,requires_fresh_generations,v1,2026-04-22
morebench,morebench_public,morebench_public__0005,5,daily_dilemmas,short_case,ai_advisor,Business & Workplace,neutral,ai_advisor,blocked_on_augmentation,neutral,metadata_only_until_prompt_exposed,short_case,Business & Workplace,,pending_gold_slice_validation,requires_fresh_generations,v1,2026-04-22
morebench,morebench_public,morebench_public__0006,6,daily_dilemmas,short_case,ai_advisor,Interpersonal relationship,neutral,ai_advisor,blocked_on_augmentation,neutral,metadata_only_until_prompt_exposed,short_case,Interpersonal relationship,,pending_gold_slice_validation,requires_fresh_generations,v1,2026-04-22
morebench,morebench_public,morebench_public__0007,7,daily_dilemmas,long_case,ai_advisor,Business & Workplace,neutral,ai_advisor,blocked_on_augmentation,neutral,metadata_only_until_prompt_exposed,long_case,Business & Workplace,,pending_gold_slice_validation,requires_fresh_generations,v1,2026-04-22
morebench,morebench_public,morebench_public__0008,8,daily_dilemmas,long_case,ai_advisor,Right & Duty & Justice,neutral,ai_advisor,blocked_on_augmentation,neutral,metadata_only_until_prompt_exposed,long_case,Right & Duty & Justice,,pending_gold_slice_validation,requires_fresh_generations,v1,2026-04-22
morebench,morebench_public,morebench_public__0009,9,daily_dilemmas,short_case,ai_advisor,Right & Duty & Justice,neutral,ai_advisor,blocked_on_augmentation,neutral,metadata_only_until_prompt_exposed,short_case,Right & Duty & Justice,,pending_gold_slice_validation,requires_fresh_generations,v1,2026-04-22
morebench,morebench_public,morebench_public__0010,10,expert_written_ethic_bowl,expert_case,ai_advisor,Right & Duty & Justice,neutral,ai_advisor,blocked_on_augmentation,neutral,metadata_only_until_prompt_exposed,expert_case,Right & Duty & Justice,,pending_gold_slice_validation,requires_fresh_generations,v1,2026-04-22
morebench,morebench_public,morebench_public__0011,11,expert_written_ethic_unwrapped,expert_case,ai_advisor,Bioethics & Healthcare,neutral,ai_advisor,blocked_on_augmentation,neutral,metadata_only_until_prompt_exposed,expert_case,Bioethics & Healthcare,,pending_gold_slice_validation,requires_fresh_generations,v1,2026-04-22
morebench,morebench_public,morebench_public__0012,12,expert_written_ethic_unwrapped,expert_case,ai_advisor,Animal & Environment,neutral,ai_advisor,blocked_on_augmentation,neutral,metadata_only_until_prompt_exposed,expert_case,Animal & Environment,,pending_gold_slice_validation,requires_fresh_generations,v1,2026-04-22
morebench,morebench_public,morebench_public__0013,13,ai_risk_dilemmas,long_case,ai_agent,Animal & Environment,neutral,ai_agent,blocked_on_augmentation,neutral,metadata_only_until_prompt_exposed,long_case,Animal & Environment,,pending_gold_slice_validation,requires_fresh_generations,v1,2026-04-22
morebench,morebench_public,morebench_public__0014,14,expert_written_ethic_bowl,expert_case,ai_advisor,Sports,neutral,ai_advisor,blocked_on_augmentation,neutral,metadata_only_until_prompt_exposed,expert_case,Sports,,pending_gold_slice_validation,requires_fresh_generations,v1,2026-04-22
morebench,morebench_public,morebench_public__0015,15,daily_dilemmas,short_case,ai_advisor,Media & Journalism,neutral,ai_advisor,blocked_on_augmentation,neutral,metadata_only_until_prompt_exposed,short_case,Media & Journalism,,pending_gold_slice_validation,requires_fresh_generations,v1,2026-04-22
morebench,morebench_public,morebench_public__0016,16,expert_written_ethic_bowl,expert_case,ai_advisor,Right & Duty & Justice,neutral,ai_advisor,blocked_on_augmentation,neutral,metadata_only_until_prompt_exposed,expert_case,Right & Duty & Justice,,pending_gold_slice_validation,requires_fresh_generations,v1,2026-04-22
morebench,morebench_public,morebench_public__0017,17,ai_risk_dilemmas,long_case,ai_agent,Science & Techonology,neutral,ai_agent,blocked_on_augmentation,neutral,metadata_only_until_prompt_exposed,long_case,Science & Techonology,,pending_gold_slice_validation,requires_fresh_generations,v1,2026-04-22
morebench,morebench_public,morebench_public__0018,18,expert_written_ethic_unwrapped,expert_case,ai_advisor,Interpersonal relationship,neutral,ai_advisor,blocked_on_augmentation,neutral,metadata_only_until_prompt_exposed,expert_case,Interpersonal relationship,,pending_gold_slice_validation,requires_fresh_generations,v1,2026-04-22
morebench,morebench_public,morebench_public__0019,19,ai_risk_dilemmas,short_case,ai_agent,Education,neutral,ai_agent,blocked_on_augmentation,neutral,metadata_only_until_prompt_exposed,short_case,Education,,pending_gold_slice_validation,requires_fresh_generations,v1,2026-04-22
morebench,morebench_public,morebench_public__0020,20,ai_risk_dilemmas,long_case,ai_agent,Business & Workplace,neutral,ai_agent,blocked_on_augmentation,neutral,metadata_only_until_prompt_exposed,long_case,Business & Workplace,,pending_gold_slice_validation,requires_fresh_generations,v1,2026-04-22
morebench,morebench_public,morebench_public__0021,21,ai_risk_dilemmas,short_case,ai_agent,Entertainment,neutral,ai_agent,blocked_on_augmentation,neutral,metadata_only_until_prompt_exposed,short_case,Entertainment,,pending_gold_slice_validation,requires_fresh_generations,v1,2026-04-22
morebench,morebench_public,morebench_public__0022,22,ai_risk_dilemmas,long_case,ai_agent,Organization,neutral,ai_agent,blocked_on_augmentation,neutral,metadata_only_until_prompt_exposed,long_case,Organization,,pending_gold_slice_validation,requires_fresh_generations,v1,2026-04-22
morebench,morebench_public,morebench_public__0023,23,expert_written_ethic_bowl,expert_case,ai_advisor,Art & Culture,neutral,ai_advisor,blocked_on_augmentation,neutral,metadata_only_until_prompt_exposed,expert_case,Art & Culture,,pending_gold_slice_validation,requires_fresh_generations,v1,2026-04-22
morebench,morebench_public,morebench_public__0024,24,expert_written_ethic_unwrapped,expert_case,ai_advisor,Art & Culture,neutral,ai_advisor,blocked_on_augmentation,neutral,metadata_only_until_prompt_exposed,expert_case,Art & Culture,,pending_gold_slice_validation,requires_fresh_generations,v1,2026-04-22
morebench,morebench_public,morebench_public__0025,25,ai_risk_dilemmas,long_case,ai_agent,Bioethics & Healthcare,neutral,ai_agent,blocked_on_augmentation,neutral,metadata_only_until_prompt_exposed,long_case,Bioethics & Healthcare,,pending_gold_slice_validation,requires_fresh_generations,v1,2026-04-22
morebench,morebench_public,morebench_public__0026,26,daily_dilemmas,short_case,ai_advisor,Interpersonal relationship,neutral,ai_advisor,blocked_on_augmentation,neutral,metadata_only_until_prompt_exposed,short_case,Interpersonal relationship,,pending_gold_slice_validation,requires_fresh_generations,v1,2026-04-22
morebench,morebench_public,morebench_public__0027,27,expert_written_ethic_bowl,expert_case,ai_advisor,Media & Journalism,neutral,ai_advisor,blocked_on_augmentation,neutral,metadata_only_until_prompt_exposed,expert_case,Media & Journalism,,pending_gold_slice_validation,requires_fresh_generations,v1,2026-04-22
morebench,morebench_public,morebench_public__0028,28,daily_dilemmas,long_case,ai_advisor,Professional Ethics,neutral,ai_advisor,blocked_on_augmentation,neutral,metadata_only_until_prompt_exposed,long_case,Professional Ethics,,pending_gold_slice_validation,requires_fresh_generations,v1,2026-04-22
morebench,morebench_public,morebench_public__0029,29,ai_risk_dilemmas,short_case,ai_agent,Science & Techonology,neutral,ai_agent,blocked_on_augmentation,neutral,metadata_only_until_prompt_exposed,short_case,Science & Techonology,,pending_gold_slice_validation,requires_fresh_generations,v1,2026-04-22
morebench,morebench_public,morebench_public__0030,30,ai_risk_dilemmas,long_case,ai_agent,Science & Techonology,neutral,ai_agent,blocked_on_augmentation,neutral,metadata_only_until_prompt_exposed,long_case,Science & Techonology,,pending_gold_slice_validation,requires_fresh_generations,v1,2026-04-22
morebench,morebench_public,morebench_public__0031,31,ai_risk_dilemmas,long_case,ai_agent,Science & Techonology,neutral,ai_agent,blocked_on_augmentation,neutral,metadata_only_until_prompt_exposed,long_case,Science & Techonology,,pending_gold_slice_validation,requires_fresh_generations,v1,2026-04-22
morebench,morebench_public,morebench_public__0032,32,daily_dilemmas,long_case,ai_advisor,Interpersonal relationship,neutral,ai_advisor,blocked_on_augmentation,neutral,metadata_only_until_prompt_exposed,long_case,Interpersonal relationship,,pending_gold_slice_validation,requires_fresh_generations,v1,2026-04-22
morebench,morebench_public,morebench_public__0033,33,ai_risk_dilemmas,short_case,ai_agent,Science & Techonology,neutral,ai_agent,blocked_on_augmentation,neutral,metadata_only_until_prompt_exposed,short_case,Science & Techonology,,pending_gold_slice_validation,requires_fresh_generations,v1,2026-04-22
morebench,morebench_public,morebench_public__0034,34,ai_risk_dilemmas,short_case,ai_agent,Entertainment,neutral,ai_agent,blocked_on_augmentation,neutral,metadata_only_until_prompt_exposed,short_case,Entertainment,,pending_gold_slice_validation,requires_fresh_generations,v1,2026-04-22
morebench,morebench_public,morebench_public__0035,35,ai_risk_dilemmas,long_case,ai_agent,Others,neutral,ai_agent,blocked_on_augmentation,neutral,metadata_only_until_prompt_exposed,long_case,Others,,pending_gold_slice_validation,requires_fresh_generations,v1,2026-04-22
morebench,morebench_public,morebench_public__0036,36,expert_written_literature,expert_case,ai_advisor,Business & Workplace,neutral,ai_advisor,blocked_on_augmentation,neutral,metadata_only_until_prompt_exposed,expert_case,Business & Workplace,,pending_gold_slice_validation,requires_fresh_generations,v1,2026-04-22
morebench,morebench_public,morebench_public__0037,37,expert_written_literature,expert_case,ai_advisor,Interpersonal relationship,neutral,ai_advisor,blocked_on_augmentation,neutral,metadata_only_until_prompt_exposed,expert_case,Interpersonal relationship,,pending_gold_slice_validation,requires_fresh_generations,v1,2026-04-22
morebench,morebench_public,morebench_public__0038,38,expert_written_ethic_bowl,expert_case,ai_advisor,Bioethics & Healthcare,neutral,ai_advisor,blocked_on_augmentation,neutral,metadata_only_until_prompt_exposed,expert_case,Bioethics & Healthcare,,pending_gold_slice_validation,requires_fresh_generations,v1,2026-04-22
morebench,morebench_public,morebench_public__0039,39,ai_risk_dilemmas,long_case,ai_agent,Science & Techonology,neutral,ai_agent,blocked_on_augmentation,neutral,metadata_only_until_prompt_exposed,long_case,Science & Techonology,,pending_gold_slice_validation,requires_fresh_generations,v1,2026-04-22
morebench,morebench_public,morebench_public__0040,40,ai_risk_dilemmas,short_case,ai_agent,Science & Techonology,neutral,ai_agent,blocked_on_augmentation,neutral,metadata_only_until_prompt_exposed,short_case,Science & Techonology,,pending_gold_slice_validation,requires_fresh_generations,v1,2026-04-22
morebench,morebench_public,morebench_public__0041,41,expert_written_ethic_unwrapped,expert_case,ai_advisor,Education,neutral,ai_advisor,blocked_on_augmentation,neutral,metadata_only_until_prompt_exposed,expert_case,Education,,pending_gold_slice_validation,requires_fresh_generations,v1,2026-04-22
morebench,morebench_public,morebench_public__0042,42,daily_dilemmas,long_case,ai_advisor,Interpersonal relationship,neutral,ai_advisor,blocked_on_augmentation,neutral,metadata_only_until_prompt_exposed,long_case,Interpersonal relationship,,pending_gold_slice_validation,requires_fresh_generations,v1,2026-04-22
morebench,morebench_public,morebench_public__0043,43,daily_dilemmas,short_case,ai_advisor,Sports,neutral,ai_advisor,blocked_on_augmentation,neutral,metadata_only_until_prompt_exposed,short_case,Sports,,pending_gold_slice_validation,requires_fresh_generations,v1,2026-04-22
morebench,morebench_public,morebench_public__0044,44,ai_risk_dilemmas,long_case,ai_agent,Science & Techonology,neutral,ai_agent,blocked_on_augmentation,neutral,metadata_only_until_prompt_exposed,long_case,Science & Techonology,,pending_gold_slice_validation,requires_fresh_generations,v1,2026-04-22
morebench,morebench_public,morebench_public__0045,45,daily_dilemmas,long_case,ai_advisor,Media & Journalism,neutral,ai_advisor,blocked_on_augmentation,neutral,metadata_only_until_prompt_exposed,long_case,Media & Journalism,,pending_gold_slice_validation,requires_fresh_generations,v1,2026-04-22
morebench,morebench_public,morebench_public__0046,46,ai_risk_dilemmas,long_case,ai_agent,Science & Techonology,neutral,ai_agent,blocked_on_augmentation,neutral,metadata_only_until_prompt_exposed,long_case,Science & Techonology,,pending_gold_slice_validation,requires_fresh_generations,v1,2026-04-22
morebench,morebench_public,morebench_public__0047,47,expert_written_ethic_unwrapped,expert_case,ai_advisor,Media & Journalism,neutral,ai_advisor,blocked_on_augmentation,neutral,metadata_only_until_prompt_exposed,expert_case,Media & Journalism,,pending_gold_slice_validation,requires_fresh_generations,v1,2026-04-22
morebench,morebench_public,morebench_public__0048,48,ai_risk_dilemmas,short_case,ai_agent,Bioethics & Healthcare,neutral,ai_agent,blocked_on_augmentation,neutral,metadata_only_until_prompt_exposed,short_case,Bioethics & Healthcare,,pending_gold_slice_validation,requires_fresh_generations,v1,2026-04-22
morebench,morebench_public,morebench_public__0049,49,daily_dilemmas,short_case,ai_advisor,Business & Workplace,neutral,ai_advisor,blocked_on_augmentation,neutral,metadata_only_until_prompt_exposed,short_case,Business & Workplace,,pending_gold_slice_validation,requires_fresh_generations,v1,2026-04-22
morebench,morebench_public,morebench_public__0050,50,ai_risk_dilemmas,short_case,ai_agent,Science & Techonology,neutral,ai_agent,blocked_on_augmentation,neutral,metadata_only_until_prompt_exposed,short_case,Science & Techonology,,pending_gold_slice_validation,requires_fresh_generations,v1,2026-04-22
morebench,morebench_public,morebench_public__0051,51,ai_risk_dilemmas,short_case,ai_agent,Science & Techonology,neutral,ai_agent,blocked_on_augmentation,neutral,metadata_only_until_prompt_exposed,short_case,Science & Techonology,,pending_gold_slice_validation,requires_fresh_generations,v1,2026-04-22
morebench,morebench_public,morebench_public__0052,52,ai_risk_dilemmas,long_case,ai_agent,Science & Techonology,neutral,ai_agent,blocked_on_augmentation,neutral,metadata_only_until_prompt_exposed,long_case,Science & Techonology,,pending_gold_slice_validation,requires_fresh_generations,v1,2026-04-22
morebench,morebench_public,morebench_public__0053,53,ai_risk_dilemmas,long_case,ai_agent,Science & Techonology,neutral,ai_agent,blocked_on_augmentation,neutral,metadata_only_until_prompt_exposed,long_case,Science & Techonology,,pending_gold_slice_validation,requires_fresh_generations,v1,2026-04-22
morebench,morebench_public,morebench_public__0054,54,ai_risk_dilemmas,long_case,ai_agent,Animal & Environment,neutral,ai_agent,blocked_on_augmentation,neutral,metadata_only_until_prompt_exposed,long_case,Animal & Environment,,pending_gold_slice_validation,requires_fresh_generations,v1,2026-04-22
morebench,morebench_public,morebench_public__0055,55,expert_written_literature,expert_case,ai_advisor,Others,neutral,ai_advisor,blocked_on_augmentation,neutral,metadata_only_until_prompt_exposed,expert_case,Others,,pending_gold_slice_validation,requires_fresh_generations,v1,2026-04-22
morebench,morebench_public,morebench_public__0056,56,expert_written_literature,expert_case,ai_advisor,Media & Journalism,neutral,ai_advisor,blocked_on_augmentation,neutral,metadata_only_until_prompt_exposed,expert_case,Media & Journalism,,pending_gold_slice_validation,requires_fresh_generations,v1,2026-04-22
morebench,morebench_public,morebench_public__0057,57,ai_risk_dilemmas,long_case,ai_agent,Entertainment,neutral,ai_agent,blocked_on_augmentation,neutral,metadata_only_until_prompt_exposed,long_case,Entertainment,,pending_gold_slice_validation,requires_fresh_generations,v1,2026-04-22
morebench,morebench_public,morebench_public__0058,58,ai_risk_dilemmas,long_case,ai_agent,Science & Techonology,neutral,ai_agent,blocked_on_augmentation,neutral,metadata_only_until_prompt_exposed,long_case,Science & Techonology,,pending_gold_slice_validation,requires_fresh_generations,v1,2026-04-22
morebench,morebench_public,morebench_public__0059,59,ai_risk_dilemmas,long_case,ai_agent,Education,neutral,ai_agent,blocked_on_augmentation,neutral,metadata_only_until_prompt_exposed,long_case,Education,,pending_gold_slice_validation,requires_fresh_generations,v1,2026-04-22
morebench,morebench_public,morebench_public__0060,60,ai_risk_dilemmas,short_case,ai_agent,Bioethics & Healthcare,neutral,ai_agent,blocked_on_augmentation,neutral,metadata_only_until_prompt_exposed,short_case,Bioethics & Healthcare,,pending_gold_slice_validation,requires_fresh_generations,v1,2026-04-22
morebench,morebench_public,morebench_public__0061,61,daily_dilemmas,short_case,ai_advisor,Interpersonal relationship,neutral,ai_advisor,blocked_on_augmentation,neutral,metadata_only_until_prompt_exposed,short_case,Interpersonal relationship,,pending_gold_slice_validation,requires_fresh_generations,v1,2026-04-22
morebench,morebench_public,morebench_public__0062,62,ai_risk_dilemmas,short_case,ai_agent,Animal & Environment,neutral,ai_agent,blocked_on_augmentation,neutral,metadata_only_until_prompt_exposed,short_case,Animal & Environment,,pending_gold_slice_validation,requires_fresh_generations,v1,2026-04-22
morebench,morebench_public,morebench_public__0063,63,ai_risk_dilemmas,long_case,ai_agent,Education,neutral,ai_agent,blocked_on_augmentation,neutral,metadata_only_until_prompt_exposed,long_case,Education,,pending_gold_slice_validation,requires_fresh_generations,v1,2026-04-22
morebench,morebench_public,morebench_public__0064,64,daily_dilemmas,short_case,ai_advisor,Right & Duty & Justice,neutral,ai_advisor,blocked_on_augmentation,neutral,metadata_only_until_prompt_exposed,short_case,Right & Duty & Justice,,pending_gold_slice_validation,requires_fresh_generations,v1,2026-04-22
morebench,morebench_public,morebench_public__0065,65,daily_dilemmas,long_case,ai_advisor,Animal & Environment,neutral,ai_advisor,blocked_on_augmentation,neutral,metadata_only_until_prompt_exposed,long_case,Animal & Environment,,pending_gold_slice_validation,requires_fresh_generations,v1,2026-04-22
morebench,morebench_public,morebench_public__0066,66,ai_risk_dilemmas,long_case,ai_agent,Animal & Environment,neutral,ai_agent,blocked_on_augmentation,neutral,metadata_only_until_prompt_exposed,long_case,Animal & Environment,,pending_gold_slice_validation,requires_fresh_generations,v1,2026-04-22
morebench,morebench_public,morebench_public__0067,67,ai_risk_dilemmas,short_case,ai_agent,Bioethics & Healthcare,neutral,ai_agent,blocked_on_augmentation,neutral,metadata_only_until_prompt_exposed,short_case,Bioethics & Healthcare,,pending_gold_slice_validation,requires_fresh_generations,v1,2026-04-22
morebench,morebench_public,morebench_public__0068,68,ai_risk_dilemmas,short_case,ai_agent,Science & Techonology,neutral,ai_agent,blocked_on_augmentation,neutral,metadata_only_until_prompt_exposed,short_case,Science & Techonology,,pending_gold_slice_validation,requires_fresh_generations,v1,2026-04-22
morebench,morebench_public,morebench_public__0069,69,expert_written_literature,expert_case,ai_advisor,Business & Workplace,neutral,ai_advisor,blocked_on_augmentation,neutral,metadata_only_until_prompt_exposed,expert_case,Business & Workplace,,pending_gold_slice_validation,requires_fresh_generations,v1,2026-04-22
morebench,morebench_public,morebench_public__0070,70,ai_risk_dilemmas,short_case,ai_agent,Bioethics & Healthcare,neutral,ai_agent,blocked_on_augmentation,neutral,metadata_only_until_prompt_exposed,short_case,Bioethics & Healthcare,,pending_gold_slice_validation,requires_fresh_generations,v1,2026-04-22
morebench,morebench_public,morebench_public__0071,71,ai_risk_dilemmas,long_case,ai_agent,Science & Techonology,neutral,ai_agent,blocked_on_augmentation,neutral,metadata_only_until_prompt_exposed,long_case,Science & Techonology,,pending_gold_slice_validation,requires_fresh_generations,v1,2026-04-22
morebench,morebench_public,morebench_public__0072,72,daily_dilemmas,short_case,ai_advisor,Professional Ethics,neutral,ai_advisor,blocked_on_augmentation,neutral,metadata_only_until_prompt_exposed,short_case,Professional Ethics,,pending_gold_slice_validation,requires_fresh_generations,v1,2026-04-22
morebench,morebench_public,morebench_public__0073,73,ai_risk_dilemmas,short_case,ai_agent,Animal & Environment,neutral,ai_agent,blocked_on_augmentation,neutral,metadata_only_until_prompt_exposed,short_case,Animal & Environment,,pending_gold_slice_validation,requires_fresh_generations,v1,2026-04-22
morebench,morebench_public,morebench_public__0074,74,expert_written_ethic_bowl,expert_case,ai_advisor,Science & Techonology,neutral,ai_advisor,blocked_on_augmentation,neutral,metadata_only_until_prompt_exposed,expert_case,Science & Techonology,,pending_gold_slice_validation,requires_fresh_generations,v1,2026-04-22
morebench,morebench_public,morebench_public__0075,75,ai_risk_dilemmas,short_case,ai_agent,Science & Techonology,neutral,ai_agent,blocked_on_augmentation,neutral,metadata_only_until_prompt_exposed,short_case,Science & Techonology,,pending_gold_slice_validation,requires_fresh_generations,v1,2026-04-22
morebench,morebench_public,morebench_public__0076,76,daily_dilemmas,short_case,ai_advisor,Right & Duty & Justice,neutral,ai_advisor,blocked_on_augmentation,neutral,metadata_only_until_prompt_exposed,short_case,Right & Duty & Justice,,pending_gold_slice_validation,requires_fresh_generations,v1,2026-04-22
morebench,morebench_public,morebench_public__0077,77,expert_written_ethic_bowl,expert_case,ai_advisor,Bioethics & Healthcare,neutral,ai_advisor,blocked_on_augmentation,neutral,metadata_only_until_prompt_exposed,expert_case,Bioethics & Healthcare,,pending_gold_slice_validation,requires_fresh_generations,v1,2026-04-22
morebench,morebench_public,morebench_public__0078,78,daily_dilemmas,long_case,ai_advisor,Sports,neutral,ai_advisor,blocked_on_augmentation,neutral,metadata_only_until_prompt_exposed,long_case,Sports,,pending_gold_slice_validation,requires_fresh_generations,v1,2026-04-22
morebench,morebench_public,morebench_public__0079,79,daily_dilemmas,short_case,ai_advisor,Education,neutral,ai_advisor,blocked_on_augmentation,neutral,metadata_only_until_prompt_exposed,short_case,Education,,pending_gold_slice_validation,requires_fresh_generations,v1,2026-04-22
morebench,morebench_public,morebench_public__0080,80,ai_risk_dilemmas,short_case,ai_agent,Transport,neutral,ai_agent,blocked_on_augmentation,neutral,metadata_only_until_prompt_exposed,short_case,Transport,,pending_gold_slice_validation,requires_fresh_generations,v1,2026-04-22
morebench,morebench_public,morebench_public__0081,81,daily_dilemmas,long_case,ai_advisor,Interpersonal relationship,neutral,ai_advisor,blocked_on_augmentation,neutral,metadata_only_until_prompt_exposed,long_case,Interpersonal relationship,,pending_gold_slice_validation,requires_fresh_generations,v1,2026-04-22
morebench,morebench_public,morebench_public__0082,82,ai_risk_dilemmas,long_case,ai_agent,Education,neutral,ai_agent,blocked_on_augmentation,neutral,metadata_only_until_prompt_exposed,long_case,Education,,pending_gold_slice_validation,requires_fresh_generations,v1,2026-04-22
morebench,morebench_public,morebench_public__0083,83,expert_written_ethic_unwrapped,expert_case,ai_advisor,Business & Workplace,neutral,ai_advisor,blocked_on_augmentation,neutral,metadata_only_until_prompt_exposed,expert_case,Business & Workplace,,pending_gold_slice_validation,requires_fresh_generations,v1,2026-04-22
morebench,morebench_public,morebench_public__0084,84,expert_written_ethic_unwrapped,expert_case,ai_advisor,Professional Ethics,neutral,ai_advisor,blocked_on_augmentation,neutral,metadata_only_until_prompt_exposed,expert_case,Professional Ethics,,pending_gold_slice_validation,requires_fresh_generations,v1,2026-04-22
morebench,morebench_public,morebench_public__0085,85,ai_risk_dilemmas,short_case,ai_agent,Animal & Environment,neutral,ai_agent,blocked_on_augmentation,neutral,metadata_only_until_prompt_exposed,short_case,Animal & Environment,,pending_gold_slice_validation,requires_fresh_generations,v1,2026-04-22
morebench,morebench_public,morebench_public__0086,86,ai_risk_dilemmas,short_case,ai_agent,Bioethics & Healthcare,neutral,ai_agent,blocked_on_augmentation,neutral,metadata_only_until_prompt_exposed,short_case,Bioethics & Healthcare,,pending_gold_slice_validation,requires_fresh_generations,v1,2026-04-22
morebench,morebench_public,morebench_public__0087,87,ai_risk_dilemmas,short_case,ai_agent,Science & Techonology,neutral,ai_agent,blocked_on_augmentation,neutral,metadata_only_until_prompt_exposed,short_case,Science & Techonology,,pending_gold_slice_validation,requires_fresh_generations,v1,2026-04-22
morebench,morebench_public,morebench_public__0088,88,ai_risk_dilemmas,long_case,ai_agent,Organization,neutral,ai_agent,blocked_on_augmentation,neutral,metadata_only_until_prompt_exposed,long_case,Organization,,pending_gold_slice_validation,requires_fresh_generations,v1,2026-04-22
morebench,morebench_public,morebench_public__0089,89,ai_risk_dilemmas,short_case,ai_agent,Animal & Environment,neutral,ai_agent,blocked_on_augmentation,neutral,metadata_only_until_prompt_exposed,short_case,Animal & Environment,,pending_gold_slice_validation,requires_fresh_generations,v1,2026-04-22
morebench,morebench_public,morebench_public__0090,90,ai_risk_dilemmas,short_case,ai_agent,Science & Techonology,neutral,ai_agent,blocked_on_augmentation,neutral,metadata_only_until_prompt_exposed,short_case,Science & Techonology,,pending_gold_slice_validation,requires_fresh_generations,v1,2026-04-22
morebench,morebench_public,morebench_public__0091,91,ai_risk_dilemmas,long_case,ai_agent,Education,neutral,ai_agent,blocked_on_augmentation,neutral,metadata_only_until_prompt_exposed,long_case,Education,,pending_gold_slice_validation,requires_fresh_generations,v1,2026-04-22
morebench,morebench_public,morebench_public__0092,92,daily_dilemmas,short_case,ai_advisor,Interpersonal relationship,neutral,ai_advisor,blocked_on_augmentation,neutral,metadata_only_until_prompt_exposed,short_case,Interpersonal relationship,,pending_gold_slice_validation,requires_fresh_generations,v1,2026-04-22
morebench,morebench_public,morebench_public__0093,93,daily_dilemmas,short_case,ai_advisor,Sports,neutral,ai_advisor,blocked_on_augmentation,neutral,metadata_only_until_prompt_exposed,short_case,Sports,,pending_gold_slice_validation,requires_fresh_generations,v1,2026-04-22
morebench,morebench_public,morebench_public__0094,94,daily_dilemmas,short_case,ai_advisor,Business & Workplace,neutral,ai_advisor,blocked_on_augmentation,neutral,metadata_only_until_prompt_exposed,short_case,Business & Workplace,,pending_gold_slice_validation,requires_fresh_generations,v1,2026-04-22
morebench,morebench_public,morebench_public__0095,95,expert_written_ethic_bowl,expert_case,ai_advisor,Bioethics & Healthcare,neutral,ai_advisor,blocked_on_augmentation,neutral,metadata_only_until_prompt_exposed,expert_case,Bioethics & Healthcare,,pending_gold_slice_validation,requires_fresh_generations,v1,2026-04-22
morebench,morebench_public,morebench_public__0096,96,daily_dilemmas,long_case,ai_advisor,Business & Workplace,neutral,ai_advisor,blocked_on_augmentation,neutral,metadata_only_until_prompt_exposed,long_case,Business & Workplace,,pending_gold_slice_validation,requires_fresh_generations,v1,2026-04-22
morebench,morebench_public,morebench_public__0097,97,daily_dilemmas,short_case,ai_advisor,Interpersonal relationship,neutral,ai_advisor,blocked_on_augmentation,neutral,metadata_only_until_prompt_exposed,short_case,Interpersonal relationship,,pending_gold_slice_validation,requires_fresh_generations,v1,2026-04-22
morebench,morebench_public,morebench_public__0098,98,daily_dilemmas,short_case,ai_advisor,Interpersonal relationship,neutral,ai_advisor,blocked_on_augmentation,neutral,metadata_only_until_prompt_exposed,short_case,Interpersonal relationship,,pending_gold_slice_validation,requires_fresh_generations,v1,2026-04-22
morebench,morebench_public,morebench_public__0099,99,expert_written_ethic_bowl,expert_case,ai_advisor,Others,neutral,ai_advisor,blocked_on_augmentation,neutral,metadata_only_until_prompt_exposed,expert_case,Others,,pending_gold_slice_validation,requires_fresh_generations,v1,2026-04-22
morebench,morebench_public,morebench_public__0100,100,daily_dilemmas,long_case,ai_advisor,Interpersonal relationship,neutral,ai_advisor,blocked_on_augmentation,neutral,metadata_only_until_prompt_exposed,long_case,Interpersonal relationship,,pending_gold_slice_validation,requires_fresh_generations,v1,2026-04-22
morebench,morebench_public,morebench_public__0101,101,daily_dilemmas,short_case,ai_advisor,Interpersonal relationship,neutral,ai_advisor,blocked_on_augmentation,neutral,metadata_only_until_prompt_exposed,short_case,Interpersonal relationship,,pending_gold_slice_validation,requires_fresh_generations,v1,2026-04-22
morebench,morebench_public,morebench_public__0102,102,daily_dilemmas,short_case,ai_advisor,Professional Ethics,neutral,ai_advisor,blocked_on_augmentation,neutral,metadata_only_until_prompt_exposed,short_case,Professional Ethics,,pending_gold_slice_validation,requires_fresh_generations,v1,2026-04-22
morebench,morebench_public,morebench_public__0103,103,expert_written_collab,expert_case,ai_agent,Others,neutral,ai_agent,blocked_on_augmentation,neutral,metadata_only_until_prompt_exposed,expert_case,Others,,pending_gold_slice_validation,requires_fresh_generations,v1,2026-04-22
morebench,morebench_public,morebench_public__0104,104,ai_risk_dilemmas,short_case,ai_agent,Science & Techonology,neutral,ai_agent,blocked_on_augmentation,neutral,metadata_only_until_prompt_exposed,short_case,Science & Techonology,,pending_gold_slice_validation,requires_fresh_generations,v1,2026-04-22
morebench,morebench_public,morebench_public__0105,105,ai_risk_dilemmas,long_case,ai_agent,Education,neutral,ai_agent,blocked_on_augmentation,neutral,metadata_only_until_prompt_exposed,long_case,Education,,pending_gold_slice_validation,requires_fresh_generations,v1,2026-04-22
morebench,morebench_public,morebench_public__0106,106,daily_dilemmas,short_case,ai_advisor,Right & Duty & Justice,neutral,ai_advisor,blocked_on_augmentation,neutral,metadata_only_until_prompt_exposed,short_case,Right & Duty & Justice,,pending_gold_slice_validation,requires_fresh_generations,v1,2026-04-22
morebench,morebench_public,morebench_public__0107,107,ai_risk_dilemmas,short_case,ai_agent,Science & Techonology,neutral,ai_agent,blocked_on_augmentation,neutral,metadata_only_until_prompt_exposed,short_case,Science & Techonology,,pending_gold_slice_validation,requires_fresh_generations,v1,2026-04-22
morebench,morebench_public,morebench_public__0108,108,daily_dilemmas,long_case,ai_advisor,Education,neutral,ai_advisor,blocked_on_augmentation,neutral,metadata_only_until_prompt_exposed,long_case,Education,,pending_gold_slice_validation,requires_fresh_generations,v1,2026-04-22
morebench,morebench_public,morebench_public__0109,109,expert_written_ethic_bowl,expert_case,ai_advisor,Sports,neutral,ai_advisor,blocked_on_augmentation,neutral,metadata_only_until_prompt_exposed,expert_case,Sports,,pending_gold_slice_validation,requires_fresh_generations,v1,2026-04-22
morebench,morebench_public,morebench_public__0110,110,ai_risk_dilemmas,long_case,ai_agent,Science & Techonology,neutral,ai_agent,blocked_on_augmentation,neutral,metadata_only_until_prompt_exposed,long_case,Science & Techonology,,pending_gold_slice_validation,requires_fresh_generations,v1,2026-04-22
morebench,morebench_public,morebench_public__0111,111,ai_risk_dilemmas,short_case,ai_agent,Education,neutral,ai_agent,blocked_on_augmentation,neutral,metadata_only_until_prompt_exposed,short_case,Education,,pending_gold_slice_validation,requires_fresh_generations,v1,2026-04-22
morebench,morebench_public,morebench_public__0112,112,daily_dilemmas,long_case,ai_advisor,Business & Workplace,neutral,ai_advisor,blocked_on_augmentation,neutral,metadata_only_until_prompt_exposed,long_case,Business & Workplace,,pending_gold_slice_validation,requires_fresh_generations,v1,2026-04-22
morebench,morebench_public,morebench_public__0113,113,daily_dilemmas,short_case,ai_advisor,Right & Duty & Justice,neutral,ai_advisor,blocked_on_augmentation,neutral,metadata_only_until_prompt_exposed,short_case,Right & Duty & Justice,,pending_gold_slice_validation,requires_fresh_generations,v1,2026-04-22
morebench,morebench_public,morebench_public__0114,114,expert_written_ethic_bowl,expert_case,ai_advisor,Interpersonal relationship,neutral,ai_advisor,blocked_on_augmentation,neutral,metadata_only_until_prompt_exposed,expert_case,Interpersonal relationship,,pending_gold_slice_validation,requires_fresh_generations,v1,2026-04-22
morebench,morebench_public,morebench_public__0115,115,daily_dilemmas,long_case,ai_advisor,Interpersonal relationship,neutral,ai_advisor,blocked_on_augmentation,neutral,metadata_only_until_prompt_exposed,long_case,Interpersonal relationship,,pending_gold_slice_validation,requires_fresh_generations,v1,2026-04-22
morebench,morebench_public,morebench_public__0116,116,ai_risk_dilemmas,long_case,ai_agent,Business & Workplace,neutral,ai_agent,blocked_on_augmentation,neutral,metadata_only_until_prompt_exposed,long_case,Business & Workplace,,pending_gold_slice_validation,requires_fresh_generations,v1,2026-04-22
morebench,morebench_public,morebench_public__0117,117,expert_written_ethic_bowl,expert_case,ai_advisor,Others,neutral,ai_advisor,blocked_on_augmentation,neutral,metadata_only_until_prompt_exposed,expert_case,Others,,pending_gold_slice_validation,requires_fresh_generations,v1,2026-04-22
morebench,morebench_public,morebench_public__0118,118,ai_risk_dilemmas,long_case,ai_agent,Science & Techonology,neutral,ai_agent,blocked_on_augmentation,neutral,metadata_only_until_prompt_exposed,long_case,Science & Techonology,,pending_gold_slice_validation,requires_fresh_generations,v1,2026-04-22
morebench,morebench_public,morebench_public__0119,119,ai_risk_dilemmas,long_case,ai_agent,Organization,neutral,ai_agent,blocked_on_augmentation,neutral,metadata_only_until_prompt_exposed,long_case,Organization,,pending_gold_slice_validation,requires_fresh_generations,v1,2026-04-22
morebench,morebench_public,morebench_public__0120,120,daily_dilemmas,short_case,ai_advisor,Interpersonal relationship,neutral,ai_advisor,blocked_on_augmentation,neutral,metadata_only_until_prompt_exposed,short_case,Interpersonal relationship,,pending_gold_slice_validation,requires_fresh_generations,v1,2026-04-22
morebench,morebench_public,morebench_public__0121,121,daily_dilemmas,long_case,ai_advisor,Animal & Environment,neutral,ai_advisor,blocked_on_augmentation,neutral,metadata_only_until_prompt_exposed,long_case,Animal & Environment,,pending_gold_slice_validation,requires_fresh_generations,v1,2026-04-22
morebench,morebench_public,morebench_public__0122,122,ai_risk_dilemmas,short_case,ai_agent,Science & Techonology,neutral,ai_agent,blocked_on_augmentation,neutral,metadata_only_until_prompt_exposed,short_case,Science & Techonology,,pending_gold_slice_validation,requires_fresh_generations,v1,2026-04-22
morebench,morebench_public,morebench_public__0123,123,daily_dilemmas,long_case,ai_advisor,Right & Duty & Justice,neutral,ai_advisor,blocked_on_augmentation,neutral,metadata_only_until_prompt_exposed,long_case,Right & Duty & Justice,,pending_gold_slice_validation,requires_fresh_generations,v1,2026-04-22
morebench,morebench_public,morebench_public__0124,124,expert_written_ethic_unwrapped,expert_case,ai_advisor,Business & Workplace,neutral,ai_advisor,blocked_on_augmentation,neutral,metadata_only_until_prompt_exposed,expert_case,Business & Workplace,,pending_gold_slice_validation,requires_fresh_generations,v1,2026-04-22
morebench,morebench_public,morebench_public__0125,125,daily_dilemmas,long_case,ai_advisor,Business & Workplace,neutral,ai_advisor,blocked_on_augmentation,neutral,metadata_only_until_prompt_exposed,long_case,Business & Workplace,,pending_gold_slice_validation,requires_fresh_generations,v1,2026-04-22
morebench,morebench_public,morebench_public__0126,126,ai_risk_dilemmas,long_case,ai_agent,Science & Techonology,neutral,ai_agent,blocked_on_augmentation,neutral,metadata_only_until_prompt_exposed,long_case,Science & Techonology,,pending_gold_slice_validation,requires_fresh_generations,v1,2026-04-22
morebench,morebench_public,morebench_public__0127,127,daily_dilemmas,short_case,ai_advisor,Media & Journalism,neutral,ai_advisor,blocked_on_augmentation,neutral,metadata_only_until_prompt_exposed,short_case,Media & Journalism,,pending_gold_slice_validation,requires_fresh_generations,v1,2026-04-22
morebench,morebench_public,morebench_public__0128,128,ai_risk_dilemmas,long_case,ai_agent,Science & Techonology,neutral,ai_agent,blocked_on_augmentation,neutral,metadata_only_until_prompt_exposed,long_case,Science & Techonology,,pending_gold_slice_validation,requires_fresh_generations,v1,2026-04-22
morebench,morebench_public,morebench_public__0129,129,expert_written_ethic_unwrapped,expert_case,ai_advisor,Bioethics & Healthcare,neutral,ai_advisor,blocked_on_augmentation,neutral,metadata_only_until_prompt_exposed,expert_case,Bioethics & Healthcare,,pending_gold_slice_validation,requires_fresh_generations,v1,2026-04-22
morebench,morebench_public,morebench_public__0130,130,daily_dilemmas,short_case,ai_advisor,Interpersonal relationship,neutral,ai_advisor,blocked_on_augmentation,neutral,metadata_only_until_prompt_exposed,short_case,Interpersonal relationship,,pending_gold_slice_validation,requires_fresh_generations,v1,2026-04-22
morebench,morebench_public,morebench_public__0131,131,ai_risk_dilemmas,long_case,ai_agent,Bioethics & Healthcare,neutral,ai_agent,blocked_on_augmentation,neutral,metadata_only_until_prompt_exposed,long_case,Bioethics & Healthcare,,pending_gold_slice_validation,requires_fresh_generations,v1,2026-04-22
morebench,morebench_public,morebench_public__0132,132,daily_dilemmas,long_case,ai_advisor,Animal & Environment,neutral,ai_advisor,blocked_on_augmentation,neutral,metadata_only_until_prompt_exposed,long_case,Animal & Environment,,pending_gold_slice_validation,requires_fresh_generations,v1,2026-04-22
morebench,morebench_public,morebench_public__0133,133,daily_dilemmas,long_case,ai_advisor,Animal & Environment,neutral,ai_advisor,blocked_on_augmentation,neutral,metadata_only_until_prompt_exposed,long_case,Animal & Environment,,pending_gold_slice_validation,requires_fresh_generations,v1,2026-04-22
morebench,morebench_public,morebench_public__0134,134,daily_dilemmas,short_case,ai_advisor,Interpersonal relationship,neutral,ai_advisor,blocked_on_augmentation,neutral,metadata_only_until_prompt_exposed,short_case,Interpersonal relationship,,pending_gold_slice_validation,requires_fresh_generations,v1,2026-04-22
morebench,morebench_public,morebench_public__0135,135,expert_written_ethic_bowl,expert_case,ai_advisor,Bioethics & Healthcare,neutral,ai_advisor,blocked_on_augmentation,neutral,metadata_only_until_prompt_exposed,expert_case,Bioethics & Healthcare,,pending_gold_slice_validation,requires_fresh_generations,v1,2026-04-22
morebench,morebench_public,morebench_public__0136,136,daily_dilemmas,long_case,ai_advisor,Religion,neutral,ai_advisor,blocked_on_augmentation,neutral,metadata_only_until_prompt_exposed,long_case,Religion,,pending_gold_slice_validation,requires_fresh_generations,v1,2026-04-22
morebench,morebench_public,morebench_public__0137,137,ai_risk_dilemmas,long_case,ai_agent,Science & Techonology,neutral,ai_agent,blocked_on_augmentation,neutral,metadata_only_until_prompt_exposed,long_case,Science & Techonology,,pending_gold_slice_validation,requires_fresh_generations,v1,2026-04-22
morebench,morebench_public,morebench_public__0138,138,daily_dilemmas,long_case,ai_advisor,Animal & Environment,neutral,ai_advisor,blocked_on_augmentation,neutral,metadata_only_until_prompt_exposed,long_case,Animal & Environment,,pending_gold_slice_validation,requires_fresh_generations,v1,2026-04-22
morebench,morebench_public,morebench_public__0139,139,ai_risk_dilemmas,short_case,ai_agent,Science & Techonology,neutral,ai_agent,blocked_on_augmentation,neutral,metadata_only_until_prompt_exposed,short_case,Science & Techonology,,pending_gold_slice_validation,requires_fresh_generations,v1,2026-04-22
morebench,morebench_public,morebench_public__0140,140,ai_risk_dilemmas,short_case,ai_agent,Bioethics & Healthcare,neutral,ai_agent,blocked_on_augmentation,neutral,metadata_only_until_prompt_exposed,short_case,Bioethics & Healthcare,,pending_gold_slice_validation,requires_fresh_generations,v1,2026-04-22
morebench,morebench_public,morebench_public__0141,141,expert_written_ethic_bowl,expert_case,ai_advisor,Science & Techonology,neutral,ai_advisor,blocked_on_augmentation,neutral,metadata_only_until_prompt_exposed,expert_case,Science & Techonology,,pending_gold_slice_validation,requires_fresh_generations,v1,2026-04-22
morebench,morebench_public,morebench_public__0142,142,ai_risk_dilemmas,short_case,ai_agent,Business & Workplace,neutral,ai_agent,blocked_on_augmentation,neutral,metadata_only_until_prompt_exposed,short_case,Business & Workplace,,pending_gold_slice_validation,requires_fresh_generations,v1,2026-04-22
morebench,morebench_public,morebench_public__0143,143,daily_dilemmas,long_case,ai_advisor,Sports,neutral,ai_advisor,blocked_on_augmentation,neutral,metadata_only_until_prompt_exposed,long_case,Sports,,pending_gold_slice_validation,requires_fresh_generations,v1,2026-04-22
morebench,morebench_public,morebench_public__0144,144,daily_dilemmas,long_case,ai_advisor,Right & Duty & Justice,neutral,ai_advisor,blocked_on_augmentation,neutral,metadata_only_until_prompt_exposed,long_case,Right & Duty & Justice,,pending_gold_slice_validation,requires_fresh_generations,v1,2026-04-22
morebench,morebench_public,morebench_public__0145,145,daily_dilemmas,long_case,ai_advisor,Business & Workplace,neutral,ai_advisor,blocked_on_augmentation,neutral,metadata_only_until_prompt_exposed,long_case,Business & Workplace,,pending_gold_slice_validation,requires_fresh_generations,v1,2026-04-22
morebench,morebench_public,morebench_public__0146,146,expert_written_ethic_unwrapped,expert_case,ai_advisor,Art & Culture,neutral,ai_advisor,blocked_on_augmentation,neutral,metadata_only_until_prompt_exposed,expert_case,Art & Culture,,pending_gold_slice_validation,requires_fresh_generations,v1,2026-04-22
morebench,morebench_public,morebench_public__0147,147,ai_risk_dilemmas,long_case,ai_agent,Bioethics & Healthcare,neutral,ai_agent,blocked_on_augmentation,neutral,metadata_only_until_prompt_exposed,long_case,Bioethics & Healthcare,,pending_gold_slice_validation,requires_fresh_generations,v1,2026-04-22
morebench,morebench_public,morebench_public__0148,148,ai_risk_dilemmas,short_case,ai_agent,Science & Techonology,neutral,ai_agent,blocked_on_augmentation,neutral,metadata_only_until_prompt_exposed,short_case,Science & Techonology,,pending_gold_slice_validation,requires_fresh_generations,v1,2026-04-22
morebench,morebench_public,morebench_public__0149,149,expert_written_ethic_bowl,expert_case,ai_advisor,Right & Duty & Justice,neutral,ai_advisor,blocked_on_augmentation,neutral,metadata_only_until_prompt_exposed,expert_case,Right & Duty & Justice,,pending_gold_slice_validation,requires_fresh_generations,v1,2026-04-22
morebench,morebench_public,morebench_public__0150,150,daily_dilemmas,short_case,ai_advisor,Professional Ethics,neutral,ai_advisor,blocked_on_augmentation,neutral,metadata_only_until_prompt_exposed,short_case,Professional Ethics,,pending_gold_slice_validation,requires_fresh_generations,v1,2026-04-22
morebench,morebench_public,morebench_public__0151,151,expert_written_collab,expert_case,ai_agent,Right & Duty & Justice,neutral,ai_agent,blocked_on_augmentation,neutral,metadata_only_until_prompt_exposed,expert_case,Right & Duty & Justice,,pending_gold_slice_validation,requires_fresh_generations,v1,2026-04-22
morebench,morebench_public,morebench_public__0152,152,daily_dilemmas,long_case,ai_advisor,Right & Duty & Justice,neutral,ai_advisor,blocked_on_augmentation,neutral,metadata_only_until_prompt_exposed,long_case,Right & Duty & Justice,,pending_gold_slice_validation,requires_fresh_generations,v1,2026-04-22
morebench,morebench_public,morebench_public__0153,153,daily_dilemmas,long_case,ai_advisor,Interpersonal relationship,neutral,ai_advisor,blocked_on_augmentation,neutral,metadata_only_until_prompt_exposed,long_case,Interpersonal relationship,,pending_gold_slice_validation,requires_fresh_generations,v1,2026-04-22
morebench,morebench_public,morebench_public__0154,154,expert_written_ethic_bowl,expert_case,ai_advisor,Animal & Environment,neutral,ai_advisor,blocked_on_augmentation,neutral,metadata_only_until_prompt_exposed,expert_case,Animal & Environment,,pending_gold_slice_validation,requires_fresh_generations,v1,2026-04-22
morebench,morebench_public,morebench_public__0155,155,daily_dilemmas,long_case,ai_advisor,Interpersonal relationship,neutral,ai_advisor,blocked_on_augmentation,neutral,metadata_only_until_prompt_exposed,long_case,Interpersonal relationship,,pending_gold_slice_validation,requires_fresh_generations,v1,2026-04-22
morebench,morebench_public,morebench_public__0156,156,ai_risk_dilemmas,long_case,ai_agent,Entertainment,neutral,ai_agent,blocked_on_augmentation,neutral,metadata_only_until_prompt_exposed,long_case,Entertainment,,pending_gold_slice_validation,requires_fresh_generations,v1,2026-04-22
morebench,morebench_public,morebench_public__0157,157,expert_written_collab,expert_case,ai_agent,Others,neutral,ai_agent,blocked_on_augmentation,neutral,metadata_only_until_prompt_exposed,expert_case,Others,,pending_gold_slice_validation,requires_fresh_generations,v1,2026-04-22
morebench,morebench_public,morebench_public__0158,158,ai_risk_dilemmas,long_case,ai_agent,Entertainment,neutral,ai_agent,blocked_on_augmentation,neutral,metadata_only_until_prompt_exposed,long_case,Entertainment,,pending_gold_slice_validation,requires_fresh_generations,v1,2026-04-22
morebench,morebench_public,morebench_public__0159,159,daily_dilemmas,short_case,ai_advisor,Interpersonal relationship,neutral,ai_advisor,blocked_on_augmentation,neutral,metadata_only_until_prompt_exposed,short_case,Interpersonal relationship,,pending_gold_slice_validation,requires_fresh_generations,v1,2026-04-22
morebench,morebench_public,morebench_public__0160,160,daily_dilemmas,short_case,ai_advisor,Interpersonal relationship,neutral,ai_advisor,blocked_on_augmentation,neutral,metadata_only_until_prompt_exposed,short_case,Interpersonal relationship,,pending_gold_slice_validation,requires_fresh_generations,v1,2026-04-22
morebench,morebench_public,morebench_public__0161,161,daily_dilemmas,long_case,ai_advisor,Interpersonal relationship,neutral,ai_advisor,blocked_on_augmentation,neutral,metadata_only_until_prompt_exposed,long_case,Interpersonal relationship,,pending_gold_slice_validation,requires_fresh_generations,v1,2026-04-22
morebench,morebench_public,morebench_public__0162,162,daily_dilemmas,short_case,ai_advisor,Business & Workplace,neutral,ai_advisor,blocked_on_augmentation,neutral,metadata_only_until_prompt_exposed,short_case,Business & Workplace,,pending_gold_slice_validation,requires_fresh_generations,v1,2026-04-22
morebench,morebench_public,morebench_public__0163,163,ai_risk_dilemmas,short_case,ai_agent,Animal & Environment,neutral,ai_agent,blocked_on_augmentation,neutral,metadata_only_until_prompt_exposed,short_case,Animal & Environment,,pending_gold_slice_validation,requires_fresh_generations,v1,2026-04-22
morebench,morebench_public,morebench_public__0164,164,daily_dilemmas,short_case,ai_advisor,Media & Journalism,neutral,ai_advisor,blocked_on_augmentation,neutral,metadata_only_until_prompt_exposed,short_case,Media & Journalism,,pending_gold_slice_validation,requires_fresh_generations,v1,2026-04-22
morebench,morebench_public,morebench_public__0165,165,expert_written_ethic_unwrapped,expert_case,ai_advisor,Bioethics & Healthcare,neutral,ai_advisor,blocked_on_augmentation,neutral,metadata_only_until_prompt_exposed,expert_case,Bioethics & Healthcare,,pending_gold_slice_validation,requires_fresh_generations,v1,2026-04-22
morebench,morebench_public,morebench_public__0166,166,daily_dilemmas,short_case,ai_advisor,Business & Workplace,neutral,ai_advisor,blocked_on_augmentation,neutral,metadata_only_until_prompt_exposed,short_case,Business & Workplace,,pending_gold_slice_validation,requires_fresh_generations,v1,2026-04-22
morebench,morebench_public,morebench_public__0167,167,expert_written_ethic_unwrapped,expert_case,ai_advisor,Business & Workplace,neutral,ai_advisor,blocked_on_augmentation,neutral,metadata_only_until_prompt_exposed,expert_case,Business & Workplace,,pending_gold_slice_validation,requires_fresh_generations,v1,2026-04-22
morebench,morebench_public,morebench_public__0168,168,expert_written_ethic_bowl,expert_case,ai_advisor,Bioethics & Healthcare,neutral,ai_advisor,blocked_on_augmentation,neutral,metadata_only_until_prompt_exposed,expert_case,Bioethics & Healthcare,,pending_gold_slice_validation,requires_fresh_generations,v1,2026-04-22
morebench,morebench_public,morebench_public__0169,169,ai_risk_dilemmas,short_case,ai_agent,Science & Techonology,neutral,ai_agent,blocked_on_augmentation,neutral,metadata_only_until_prompt_exposed,short_case,Science & Techonology,,pending_gold_slice_validation,requires_fresh_generations,v1,2026-04-22
morebench,morebench_public,morebench_public__0170,170,expert_written_collab,expert_case,ai_agent,Bioethics & Healthcare,neutral,ai_agent,blocked_on_augmentation,neutral,metadata_only_until_prompt_exposed,expert_case,Bioethics & Healthcare,,pending_gold_slice_validation,requires_fresh_generations,v1,2026-04-22
morebench,morebench_public,morebench_public__0171,171,ai_risk_dilemmas,short_case,ai_agent,Animal & Environment,neutral,ai_agent,blocked_on_augmentation,neutral,metadata_only_until_prompt_exposed,short_case,Animal & Environment,,pending_gold_slice_validation,requires_fresh_generations,v1,2026-04-22
morebench,morebench_public,morebench_public__0172,172,daily_dilemmas,long_case,ai_advisor,Professional Ethics,neutral,ai_advisor,blocked_on_augmentation,neutral,metadata_only_until_prompt_exposed,long_case,Professional Ethics,,pending_gold_slice_validation,requires_fresh_generations,v1,2026-04-22
morebench,morebench_public,morebench_public__0173,173,ai_risk_dilemmas,short_case,ai_agent,Transport,neutral,ai_agent,blocked_on_augmentation,neutral,metadata_only_until_prompt_exposed,short_case,Transport,,pending_gold_slice_validation,requires_fresh_generations,v1,2026-04-22
morebench,morebench_public,morebench_public__0174,174,expert_written_ethic_bowl,expert_case,ai_advisor,Animal & Environment,neutral,ai_advisor,blocked_on_augmentation,neutral,metadata_only_until_prompt_exposed,expert_case,Animal & Environment,,pending_gold_slice_validation,requires_fresh_generations,v1,2026-04-22
morebench,morebench_public,morebench_public__0175,175,expert_written_collab,expert_case,ai_agent,Bioethics & Healthcare,neutral,ai_agent,blocked_on_augmentation,neutral,metadata_only_until_prompt_exposed,expert_case,Bioethics & Healthcare,,pending_gold_slice_validation,requires_fresh_generations,v1,2026-04-22
morebench,morebench_public,morebench_public__0176,176,daily_dilemmas,long_case,ai_advisor,Interpersonal relationship,neutral,ai_advisor,blocked_on_augmentation,neutral,metadata_only_until_prompt_exposed,long_case,Interpersonal relationship,,pending_gold_slice_validation,requires_fresh_generations,v1,2026-04-22
morebench,morebench_public,morebench_public__0177,177,expert_written_ethic_bowl,expert_case,ai_advisor,Right & Duty & Justice,neutral,ai_advisor,blocked_on_augmentation,neutral,metadata_only_until_prompt_exposed,expert_case,Right & Duty & Justice,,pending_gold_slice_validation,requires_fresh_generations,v1,2026-04-22
morebench,morebench_public,morebench_public__0178,178,daily_dilemmas,long_case,ai_advisor,Media & Journalism,neutral,ai_advisor,blocked_on_augmentation,neutral,metadata_only_until_prompt_exposed,long_case,Media & Journalism,,pending_gold_slice_validation,requires_fresh_generations,v1,2026-04-22
morebench,morebench_public,morebench_public__0179,179,daily_dilemmas,short_case,ai_advisor,Business & Workplace,neutral,ai_advisor,blocked_on_augmentation,neutral,metadata_only_until_prompt_exposed,short_case,Business & Workplace,,pending_gold_slice_validation,requires_fresh_generations,v1,2026-04-22
morebench,morebench_public,morebench_public__0180,180,daily_dilemmas,long_case,ai_advisor,Business & Workplace,neutral,ai_advisor,blocked_on_augmentation,neutral,metadata_only_until_prompt_exposed,long_case,Business & Workplace,,pending_gold_slice_validation,requires_fresh_generations,v1,2026-04-22
morebench,morebench_public,morebench_public__0181,181,ai_risk_dilemmas,short_case,ai_agent,Entertainment,neutral,ai_agent,blocked_on_augmentation,neutral,metadata_only_until_prompt_exposed,short_case,Entertainment,,pending_gold_slice_validation,requires_fresh_generations,v1,2026-04-22
morebench,morebench_public,morebench_public__0182,182,daily_dilemmas,long_case,ai_advisor,Education,neutral,ai_advisor,blocked_on_augmentation,neutral,metadata_only_until_prompt_exposed,long_case,Education,,pending_gold_slice_validation,requires_fresh_generations,v1,2026-04-22
morebench,morebench_public,morebench_public__0183,183,ai_risk_dilemmas,long_case,ai_agent,Bioethics & Healthcare,neutral,ai_agent,blocked_on_augmentation,neutral,metadata_only_until_prompt_exposed,long_case,Bioethics & Healthcare,,pending_gold_slice_validation,requires_fresh_generations,v1,2026-04-22
morebench,morebench_public,morebench_public__0184,184,daily_dilemmas,short_case,ai_advisor,Sports,neutral,ai_advisor,blocked_on_augmentation,neutral,metadata_only_until_prompt_exposed,short_case,Sports,,pending_gold_slice_validation,requires_fresh_generations,v1,2026-04-22
morebench,morebench_public,morebench_public__0185,185,expert_written_ethic_bowl,expert_case,ai_advisor,Animal & Environment,neutral,ai_advisor,blocked_on_augmentation,neutral,metadata_only_until_prompt_exposed,expert_case,Animal & Environment,,pending_gold_slice_validation,requires_fresh_generations,v1,2026-04-22
morebench,morebench_public,morebench_public__0186,186,daily_dilemmas,short_case,ai_advisor,Interpersonal relationship,neutral,ai_advisor,blocked_on_augmentation,neutral,metadata_only_until_prompt_exposed,short_case,Interpersonal relationship,,pending_gold_slice_validation,requires_fresh_generations,v1,2026-04-22
morebench,morebench_public,morebench_public__0187,187,daily_dilemmas,long_case,ai_advisor,Religion,neutral,ai_advisor,blocked_on_augmentation,neutral,metadata_only_until_prompt_exposed,long_case,Religion,,pending_gold_slice_validation,requires_fresh_generations,v1,2026-04-22
morebench,morebench_public,morebench_public__0188,188,ai_risk_dilemmas,long_case,ai_agent,Science & Techonology,neutral,ai_agent,blocked_on_augmentation,neutral,metadata_only_until_prompt_exposed,long_case,Science & Techonology,,pending_gold_slice_validation,requires_fresh_generations,v1,2026-04-22
morebench,morebench_public,morebench_public__0189,189,ai_risk_dilemmas,long_case,ai_agent,Transport,neutral,ai_agent,blocked_on_augmentation,neutral,metadata_only_until_prompt_exposed,long_case,Transport,,pending_gold_slice_validation,requires_fresh_generations,v1,2026-04-22
morebench,morebench_public,morebench_public__0190,190,ai_risk_dilemmas,long_case,ai_agent,Business & Workplace,neutral,ai_agent,blocked_on_augmentation,neutral,metadata_only_until_prompt_exposed,long_case,Business & Workplace,,pending_gold_slice_validation,requires_fresh_generations,v1,2026-04-22
morebench,morebench_public,morebench_public__0191,191,expert_written_ethic_unwrapped,expert_case,ai_advisor,Professional Ethics,neutral,ai_advisor,blocked_on_augmentation,neutral,metadata_only_until_prompt_exposed,expert_case,Professional Ethics,,pending_gold_slice_validation,requires_fresh_generations,v1,2026-04-22
morebench,morebench_public,morebench_public__0192,192,daily_dilemmas,long_case,ai_advisor,Interpersonal relationship,neutral,ai_advisor,blocked_on_augmentation,neutral,metadata_only_until_prompt_exposed,long_case,Interpersonal relationship,,pending_gold_slice_validation,requires_fresh_generations,v1,2026-04-22
morebench,morebench_public,morebench_public__0193,193,ai_risk_dilemmas,short_case,ai_agent,Animal & Environment,neutral,ai_agent,blocked_on_augmentation,neutral,metadata_only_until_prompt_exposed,short_case,Animal & Environment,,pending_gold_slice_validation,requires_fresh_generations,v1,2026-04-22
morebench,morebench_public,morebench_public__0194,194,ai_risk_dilemmas,short_case,ai_agent,Science & Techonology,neutral,ai_agent,blocked_on_augmentation,neutral,metadata_only_until_prompt_exposed,short_case,Science & Techonology,,pending_gold_slice_validation,requires_fresh_generations,v1,2026-04-22
morebench,morebench_public,morebench_public__0195,195,daily_dilemmas,long_case,ai_advisor,Interpersonal relationship,neutral,ai_advisor,blocked_on_augmentation,neutral,metadata_only_until_prompt_exposed,long_case,Interpersonal relationship,,pending_gold_slice_validation,requires_fresh_generations,v1,2026-04-22
morebench,morebench_public,morebench_public__0196,196,expert_written_ethic_bowl,expert_case,ai_advisor,Media & Journalism,neutral,ai_advisor,blocked_on_augmentation,neutral,metadata_only_until_prompt_exposed,expert_case,Media & Journalism,,pending_gold_slice_validation,requires_fresh_generations,v1,2026-04-22
morebench,morebench_public,morebench_public__0197,197,expert_written_ethic_bowl,expert_case,ai_advisor,Bioethics & Healthcare,neutral,ai_advisor,blocked_on_augmentation,neutral,metadata_only_until_prompt_exposed,expert_case,Bioethics & Healthcare,,pending_gold_slice_validation,requires_fresh_generations,v1,2026-04-22
morebench,morebench_public,morebench_public__0198,198,daily_dilemmas,long_case,ai_advisor,Sports,neutral,ai_advisor,blocked_on_augmentation,neutral,metadata_only_until_prompt_exposed,long_case,Sports,,pending_gold_slice_validation,requires_fresh_generations,v1,2026-04-22
morebench,morebench_public,morebench_public__0199,199,daily_dilemmas,long_case,ai_advisor,Interpersonal relationship,neutral,ai_advisor,blocked_on_augmentation,neutral,metadata_only_until_prompt_exposed,long_case,Interpersonal relationship,,pending_gold_slice_validation,requires_fresh_generations,v1,2026-04-22
morebench,morebench_public,morebench_public__0200,200,daily_dilemmas,long_case,ai_advisor,Business & Workplace,neutral,ai_advisor,blocked_on_augmentation,neutral,metadata_only_until_prompt_exposed,long_case,Business & Workplace,,pending_gold_slice_validation,requires_fresh_generations,v1,2026-04-22
morebench,morebench_public,morebench_public__0201,201,daily_dilemmas,short_case,ai_advisor,Interpersonal relationship,neutral,ai_advisor,blocked_on_augmentation,neutral,metadata_only_until_prompt_exposed,short_case,Interpersonal relationship,,pending_gold_slice_validation,requires_fresh_generations,v1,2026-04-22
morebench,morebench_public,morebench_public__0202,202,daily_dilemmas,short_case,ai_advisor,Professional Ethics,neutral,ai_advisor,blocked_on_augmentation,neutral,metadata_only_until_prompt_exposed,short_case,Professional Ethics,,pending_gold_slice_validation,requires_fresh_generations,v1,2026-04-22
morebench,morebench_public,morebench_public__0203,203,daily_dilemmas,long_case,ai_advisor,Right & Duty & Justice,neutral,ai_advisor,blocked_on_augmentation,neutral,metadata_only_until_prompt_exposed,long_case,Right & Duty & Justice,,pending_gold_slice_validation,requires_fresh_generations,v1,2026-04-22
morebench,morebench_public,morebench_public__0204,204,ai_risk_dilemmas,long_case,ai_agent,Bioethics & Healthcare,neutral,ai_agent,blocked_on_augmentation,neutral,metadata_only_until_prompt_exposed,long_case,Bioethics & Healthcare,,pending_gold_slice_validation,requires_fresh_generations,v1,2026-04-22
morebench,morebench_public,morebench_public__0205,205,ai_risk_dilemmas,long_case,ai_agent,Business & Workplace,neutral,ai_agent,blocked_on_augmentation,neutral,metadata_only_until_prompt_exposed,long_case,Business & Workplace,,pending_gold_slice_validation,requires_fresh_generations,v1,2026-04-22
morebench,morebench_public,morebench_public__0206,206,daily_dilemmas,long_case,ai_advisor,Professional Ethics,neutral,ai_advisor,blocked_on_augmentation,neutral,metadata_only_until_prompt_exposed,long_case,Professional Ethics,,pending_gold_slice_validation,requires_fresh_generations,v1,2026-04-22
morebench,morebench_public,morebench_public__0207,207,daily_dilemmas,long_case,ai_advisor,Religion,neutral,ai_advisor,blocked_on_augmentation,neutral,metadata_only_until_prompt_exposed,long_case,Religion,,pending_gold_slice_validation,requires_fresh_generations,v1,2026-04-22
morebench,morebench_public,morebench_public__0208,208,ai_risk_dilemmas,short_case,ai_agent,Science & Techonology,neutral,ai_agent,blocked_on_augmentation,neutral,metadata_only_until_prompt_exposed,short_case,Science & Techonology,,pending_gold_slice_validation,requires_fresh_generations,v1,2026-04-22
morebench,morebench_public,morebench_public__0209,209,expert_written_ethic_unwrapped,expert_case,ai_advisor,Bioethics & Healthcare,neutral,ai_advisor,blocked_on_augmentation,neutral,metadata_only_until_prompt_exposed,expert_case,Bioethics & Healthcare,,pending_gold_slice_validation,requires_fresh_generations,v1,2026-04-22
morebench,morebench_public,morebench_public__0210,210,daily_dilemmas,long_case,ai_advisor,Interpersonal relationship,neutral,ai_advisor,blocked_on_augmentation,neutral,metadata_only_until_prompt_exposed,long_case,Interpersonal relationship,,pending_gold_slice_validation,requires_fresh_generations,v1,2026-04-22
morebench,morebench_public,morebench_public__0211,211,daily_dilemmas,short_case,ai_advisor,Right & Duty & Justice,neutral,ai_advisor,blocked_on_augmentation,neutral,metadata_only_until_prompt_exposed,short_case,Right & Duty & Justice,,pending_gold_slice_validation,requires_fresh_generations,v1,2026-04-22
morebench,morebench_public,morebench_public__0212,212,ai_risk_dilemmas,long_case,ai_agent,Science & Techonology,neutral,ai_agent,blocked_on_augmentation,neutral,metadata_only_until_prompt_exposed,long_case,Science & Techonology,,pending_gold_slice_validation,requires_fresh_generations,v1,2026-04-22
morebench,morebench_public,morebench_public__0213,213,ai_risk_dilemmas,short_case,ai_agent,Bioethics & Healthcare,neutral,ai_agent,blocked_on_augmentation,neutral,metadata_only_until_prompt_exposed,short_case,Bioethics & Healthcare,,pending_gold_slice_validation,requires_fresh_generations,v1,2026-04-22
morebench,morebench_public,morebench_public__0214,214,ai_risk_dilemmas,short_case,ai_agent,Business & Workplace,neutral,ai_agent,blocked_on_augmentation,neutral,metadata_only_until_prompt_exposed,short_case,Business & Workplace,,pending_gold_slice_validation,requires_fresh_generations,v1,2026-04-22
morebench,morebench_public,morebench_public__0215,215,ai_risk_dilemmas,long_case,ai_agent,Bioethics & Healthcare,neutral,ai_agent,blocked_on_augmentation,neutral,metadata_only_until_prompt_exposed,long_case,Bioethics & Healthcare,,pending_gold_slice_validation,requires_fresh_generations,v1,2026-04-22
morebench,morebench_public,morebench_public__0216,216,ai_risk_dilemmas,short_case,ai_agent,Science & Techonology,neutral,ai_agent,blocked_on_augmentation,neutral,metadata_only_until_prompt_exposed,short_case,Science & Techonology,,pending_gold_slice_validation,requires_fresh_generations,v1,2026-04-22
morebench,morebench_public,morebench_public__0217,217,daily_dilemmas,long_case,ai_advisor,Business & Workplace,neutral,ai_advisor,blocked_on_augmentation,neutral,metadata_only_until_prompt_exposed,long_case,Business & Workplace,,pending_gold_slice_validation,requires_fresh_generations,v1,2026-04-22
morebench,morebench_public,morebench_public__0218,218,daily_dilemmas,long_case,ai_advisor,Right & Duty & Justice,neutral,ai_advisor,blocked_on_augmentation,neutral,metadata_only_until_prompt_exposed,long_case,Right & Duty & Justice,,pending_gold_slice_validation,requires_fresh_generations,v1,2026-04-22
morebench,morebench_public,morebench_public__0219,219,ai_risk_dilemmas,short_case,ai_agent,Business & Workplace,neutral,ai_agent,blocked_on_augmentation,neutral,metadata_only_until_prompt_exposed,short_case,Business & Workplace,,pending_gold_slice_validation,requires_fresh_generations,v1,2026-04-22
morebench,morebench_public,morebench_public__0220,220,ai_risk_dilemmas,long_case,ai_agent,Transport,neutral,ai_agent,blocked_on_augmentation,neutral,metadata_only_until_prompt_exposed,long_case,Transport,,pending_gold_slice_validation,requires_fresh_generations,v1,2026-04-22
morebench,morebench_public,morebench_public__0221,221,daily_dilemmas,long_case,ai_advisor,Right & Duty & Justice,neutral,ai_advisor,blocked_on_augmentation,neutral,metadata_only_until_prompt_exposed,long_case,Right & Duty & Justice,,pending_gold_slice_validation,requires_fresh_generations,v1,2026-04-22
morebench,morebench_public,morebench_public__0222,222,daily_dilemmas,short_case,ai_advisor,Education,neutral,ai_advisor,blocked_on_augmentation,neutral,metadata_only_until_prompt_exposed,short_case,Education,,pending_gold_slice_validation,requires_fresh_generations,v1,2026-04-22
morebench,morebench_public,morebench_public__0223,223,ai_risk_dilemmas,long_case,ai_agent,Business & Workplace,neutral,ai_agent,blocked_on_augmentation,neutral,metadata_only_until_prompt_exposed,long_case,Business & Workplace,,pending_gold_slice_validation,requires_fresh_generations,v1,2026-04-22
morebench,morebench_public,morebench_public__0224,224,daily_dilemmas,long_case,ai_advisor,Business & Workplace,neutral,ai_advisor,blocked_on_augmentation,neutral,metadata_only_until_prompt_exposed,long_case,Business & Workplace,,pending_gold_slice_validation,requires_fresh_generations,v1,2026-04-22
morebench,morebench_public,morebench_public__0225,225,ai_risk_dilemmas,long_case,ai_agent,Bioethics & Healthcare,neutral,ai_agent,blocked_on_augmentation,neutral,metadata_only_until_prompt_exposed,long_case,Bioethics & Healthcare,,pending_gold_slice_validation,requires_fresh_generations,v1,2026-04-22
morebench,morebench_public,morebench_public__0226,226,daily_dilemmas,long_case,ai_advisor,Interpersonal relationship,neutral,ai_advisor,blocked_on_augmentation,neutral,metadata_only_until_prompt_exposed,long_case,Interpersonal relationship,,pending_gold_slice_validation,requires_fresh_generations,v1,2026-04-22
morebench,morebench_public,morebench_public__0227,227,daily_dilemmas,long_case,ai_advisor,Others,neutral,ai_advisor,blocked_on_augmentation,neutral,metadata_only_until_prompt_exposed,long_case,Others,,pending_gold_slice_validation,requires_fresh_generations,v1,2026-04-22
morebench,morebench_public,morebench_public__0228,228,ai_risk_dilemmas,short_case,ai_agent,Science & Techonology,neutral,ai_agent,blocked_on_augmentation,neutral,metadata_only_until_prompt_exposed,short_case,Science & Techonology,,pending_gold_slice_validation,requires_fresh_generations,v1,2026-04-22
morebench,morebench_public,morebench_public__0229,229,ai_risk_dilemmas,short_case,ai_agent,Education,neutral,ai_agent,blocked_on_augmentation,neutral,metadata_only_until_prompt_exposed,short_case,Education,,pending_gold_slice_validation,requires_fresh_generations,v1,2026-04-22
morebench,morebench_public,morebench_public__0230,230,ai_risk_dilemmas,short_case,ai_agent,Entertainment,neutral,ai_agent,blocked_on_augmentation,neutral,metadata_only_until_prompt_exposed,short_case,Entertainment,,pending_gold_slice_validation,requires_fresh_generations,v1,2026-04-22
morebench,morebench_public,morebench_public__0231,231,ai_risk_dilemmas,long_case,ai_agent,Business & Workplace,neutral,ai_agent,blocked_on_augmentation,neutral,metadata_only_until_prompt_exposed,long_case,Business & Workplace,,pending_gold_slice_validation,requires_fresh_generations,v1,2026-04-22
morebench,morebench_public,morebench_public__0232,232,ai_risk_dilemmas,short_case,ai_agent,Science & Techonology,neutral,ai_agent,blocked_on_augmentation,neutral,metadata_only_until_prompt_exposed,short_case,Science & Techonology,,pending_gold_slice_validation,requires_fresh_generations,v1,2026-04-22
morebench,morebench_public,morebench_public__0233,233,ai_risk_dilemmas,long_case,ai_agent,Science & Techonology,neutral,ai_agent,blocked_on_augmentation,neutral,metadata_only_until_prompt_exposed,long_case,Science & Techonology,,pending_gold_slice_validation,requires_fresh_generations,v1,2026-04-22
morebench,morebench_public,morebench_public__0234,234,ai_risk_dilemmas,short_case,ai_agent,Science & Techonology,neutral,ai_agent,blocked_on_augmentation,neutral,metadata_only_until_prompt_exposed,short_case,Science & Techonology,,pending_gold_slice_validation,requires_fresh_generations,v1,2026-04-22
morebench,morebench_public,morebench_public__0235,235,ai_risk_dilemmas,short_case,ai_agent,Science & Techonology,neutral,ai_agent,blocked_on_augmentation,neutral,metadata_only_until_prompt_exposed,short_case,Science & Techonology,,pending_gold_slice_validation,requires_fresh_generations,v1,2026-04-22
morebench,morebench_public,morebench_public__0236,236,daily_dilemmas,short_case,ai_advisor,Interpersonal relationship,neutral,ai_advisor,blocked_on_augmentation,neutral,metadata_only_until_prompt_exposed,short_case,Interpersonal relationship,,pending_gold_slice_validation,requires_fresh_generations,v1,2026-04-22
morebench,morebench_public,morebench_public__0237,237,ai_risk_dilemmas,long_case,ai_agent,Science & Techonology,neutral,ai_agent,blocked_on_augmentation,neutral,metadata_only_until_prompt_exposed,long_case,Science & Techonology,,pending_gold_slice_validation,requires_fresh_generations,v1,2026-04-22
morebench,morebench_public,morebench_public__0238,238,daily_dilemmas,short_case,ai_advisor,Right & Duty & Justice,neutral,ai_advisor,blocked_on_augmentation,neutral,metadata_only_until_prompt_exposed,short_case,Right & Duty & Justice,,pending_gold_slice_validation,requires_fresh_generations,v1,2026-04-22
morebench,morebench_public,morebench_public__0239,239,ai_risk_dilemmas,long_case,ai_agent,Education,neutral,ai_agent,blocked_on_augmentation,neutral,metadata_only_until_prompt_exposed,long_case,Education,,pending_gold_slice_validation,requires_fresh_generations,v1,2026-04-22
morebench,morebench_public,morebench_public__0240,240,ai_risk_dilemmas,long_case,ai_agent,Organization,neutral,ai_agent,blocked_on_augmentation,neutral,metadata_only_until_prompt_exposed,long_case,Organization,,pending_gold_slice_validation,requires_fresh_generations,v1,2026-04-22
morebench,morebench_public,morebench_public__0241,241,daily_dilemmas,short_case,ai_advisor,Interpersonal relationship,neutral,ai_advisor,blocked_on_augmentation,neutral,metadata_only_until_prompt_exposed,short_case,Interpersonal relationship,,pending_gold_slice_validation,requires_fresh_generations,v1,2026-04-22
morebench,morebench_public,morebench_public__0242,242,ai_risk_dilemmas,long_case,ai_agent,Science & Techonology,neutral,ai_agent,blocked_on_augmentation,neutral,metadata_only_until_prompt_exposed,long_case,Science & Techonology,,pending_gold_slice_validation,requires_fresh_generations,v1,2026-04-22
morebench,morebench_public,morebench_public__0243,243,daily_dilemmas,short_case,ai_advisor,Right & Duty & Justice,neutral,ai_advisor,blocked_on_augmentation,neutral,metadata_only_until_prompt_exposed,short_case,Right & Duty & Justice,,pending_gold_slice_validation,requires_fresh_generations,v1,2026-04-22
morebench,morebench_public,morebench_public__0244,244,ai_risk_dilemmas,short_case,ai_agent,Bioethics & Healthcare,neutral,ai_agent,blocked_on_augmentation,neutral,metadata_only_until_prompt_exposed,short_case,Bioethics & Healthcare,,pending_gold_slice_validation,requires_fresh_generations,v1,2026-04-22
morebench,morebench_public,morebench_public__0245,245,daily_dilemmas,long_case,ai_advisor,Interpersonal relationship,neutral,ai_advisor,blocked_on_augmentation,neutral,metadata_only_until_prompt_exposed,long_case,Interpersonal relationship,,pending_gold_slice_validation,requires_fresh_generations,v1,2026-04-22
morebench,morebench_public,morebench_public__0246,246,ai_risk_dilemmas,short_case,ai_agent,Transport,neutral,ai_agent,blocked_on_augmentation,neutral,metadata_only_until_prompt_exposed,short_case,Transport,,pending_gold_slice_validation,requires_fresh_generations,v1,2026-04-22
morebench,morebench_public,morebench_public__0247,247,daily_dilemmas,long_case,ai_advisor,Professional Ethics,neutral,ai_advisor,blocked_on_augmentation,neutral,metadata_only_until_prompt_exposed,long_case,Professional Ethics,,pending_gold_slice_validation,requires_fresh_generations,v1,2026-04-22
morebench,morebench_public,morebench_public__0248,248,ai_risk_dilemmas,long_case,ai_agent,Science & Techonology,neutral,ai_agent,blocked_on_augmentation,neutral,metadata_only_until_prompt_exposed,long_case,Science & Techonology,,pending_gold_slice_validation,requires_fresh_generations,v1,2026-04-22
morebench,morebench_public,morebench_public__0249,249,ai_risk_dilemmas,short_case,ai_agent,Organization,neutral,ai_agent,blocked_on_augmentation,neutral,metadata_only_until_prompt_exposed,short_case,Organization,,pending_gold_slice_validation,requires_fresh_generations,v1,2026-04-22
morebench,morebench_public,morebench_public__0250,250,daily_dilemmas,long_case,ai_advisor,Science & Techonology,neutral,ai_advisor,blocked_on_augmentation,neutral,metadata_only_until_prompt_exposed,long_case,Science & Techonology,,pending_gold_slice_validation,requires_fresh_generations,v1,2026-04-22
morebench,morebench_public,morebench_public__0251,251,daily_dilemmas,long_case,ai_advisor,Right & Duty & Justice,neutral,ai_advisor,blocked_on_augmentation,neutral,metadata_only_until_prompt_exposed,long_case,Right & Duty & Justice,,pending_gold_slice_validation,requires_fresh_generations,v1,2026-04-22
morebench,morebench_public,morebench_public__0252,252,daily_dilemmas,short_case,ai_advisor,Right & Duty & Justice,neutral,ai_advisor,blocked_on_augmentation,neutral,metadata_only_until_prompt_exposed,short_case,Right & Duty & Justice,,pending_gold_slice_validation,requires_fresh_generations,v1,2026-04-22
morebench,morebench_public,morebench_public__0253,253,daily_dilemmas,short_case,ai_advisor,Education,neutral,ai_advisor,blocked_on_augmentation,neutral,metadata_only_until_prompt_exposed,short_case,Education,,pending_gold_slice_validation,requires_fresh_generations,v1,2026-04-22
morebench,morebench_public,morebench_public__0254,254,daily_dilemmas,long_case,ai_advisor,Right & Duty & Justice,neutral,ai_advisor,blocked_on_augmentation,neutral,metadata_only_until_prompt_exposed,long_case,Right & Duty & Justice,,pending_gold_slice_validation,requires_fresh_generations,v1,2026-04-22
morebench,morebench_public,morebench_public__0255,255,ai_risk_dilemmas,long_case,ai_agent,Science & Techonology,neutral,ai_agent,blocked_on_augmentation,neutral,metadata_only_until_prompt_exposed,long_case,Science & Techonology,,pending_gold_slice_validation,requires_fresh_generations,v1,2026-04-22
morebench,morebench_public,morebench_public__0256,256,daily_dilemmas,short_case,ai_advisor,Business & Workplace,neutral,ai_advisor,blocked_on_augmentation,neutral,metadata_only_until_prompt_exposed,short_case,Business & Workplace,,pending_gold_slice_validation,requires_fresh_generations,v1,2026-04-22
morebench,morebench_public,morebench_public__0257,257,daily_dilemmas,short_case,ai_advisor,Right & Duty & Justice,neutral,ai_advisor,blocked_on_augmentation,neutral,metadata_only_until_prompt_exposed,short_case,Right & Duty & Justice,,pending_gold_slice_validation,requires_fresh_generations,v1,2026-04-22
morebench,morebench_public,morebench_public__0258,258,ai_risk_dilemmas,short_case,ai_agent,Education,neutral,ai_agent,blocked_on_augmentation,neutral,metadata_only_until_prompt_exposed,short_case,Education,,pending_gold_slice_validation,requires_fresh_generations,v1,2026-04-22
morebench,morebench_public,morebench_public__0259,259,daily_dilemmas,long_case,ai_advisor,Interpersonal relationship,neutral,ai_advisor,blocked_on_augmentation,neutral,metadata_only_until_prompt_exposed,long_case,Interpersonal relationship,,pending_gold_slice_validation,requires_fresh_generations,v1,2026-04-22
morebench,morebench_public,morebench_public__0260,260,daily_dilemmas,short_case,ai_advisor,Business & Workplace,neutral,ai_advisor,blocked_on_augmentation,neutral,metadata_only_until_prompt_exposed,short_case,Business & Workplace,,pending_gold_slice_validation,requires_fresh_generations,v1,2026-04-22
morebench,morebench_public,morebench_public__0261,261,daily_dilemmas,long_case,ai_advisor,Religion,neutral,ai_advisor,blocked_on_augmentation,neutral,metadata_only_until_prompt_exposed,long_case,Religion,,pending_gold_slice_validation,requires_fresh_generations,v1,2026-04-22
morebench,morebench_public,morebench_public__0262,262,daily_dilemmas,short_case,ai_advisor,Interpersonal relationship,neutral,ai_advisor,blocked_on_augmentation,neutral,metadata_only_until_prompt_exposed,short_case,Interpersonal relationship,,pending_gold_slice_validation,requires_fresh_generations,v1,2026-04-22
morebench,morebench_public,morebench_public__0263,263,daily_dilemmas,long_case,ai_advisor,Interpersonal relationship,neutral,ai_advisor,blocked_on_augmentation,neutral,metadata_only_until_prompt_exposed,long_case,Interpersonal relationship,,pending_gold_slice_validation,requires_fresh_generations,v1,2026-04-22
morebench,morebench_public,morebench_public__0264,264,daily_dilemmas,long_case,ai_advisor,Business & Workplace,neutral,ai_advisor,blocked_on_augmentation,neutral,metadata_only_until_prompt_exposed,long_case,Business & Workplace,,pending_gold_slice_validation,requires_fresh_generations,v1,2026-04-22
morebench,morebench_public,morebench_public__0265,265,ai_risk_dilemmas,long_case,ai_agent,Science & Techonology,neutral,ai_agent,blocked_on_augmentation,neutral,metadata_only_until_prompt_exposed,long_case,Science & Techonology,,pending_gold_slice_validation,requires_fresh_generations,v1,2026-04-22
morebench,morebench_public,morebench_public__0266,266,expert_written_ethic_unwrapped,expert_case,ai_advisor,Art & Culture,neutral,ai_advisor,blocked_on_augmentation,neutral,metadata_only_until_prompt_exposed,expert_case,Art & Culture,,pending_gold_slice_validation,requires_fresh_generations,v1,2026-04-22
morebench,morebench_public,morebench_public__0267,267,ai_risk_dilemmas,long_case,ai_agent,Animal & Environment,neutral,ai_agent,blocked_on_augmentation,neutral,metadata_only_until_prompt_exposed,long_case,Animal & Environment,,pending_gold_slice_validation,requires_fresh_generations,v1,2026-04-22
morebench,morebench_public,morebench_public__0268,268,daily_dilemmas,long_case,ai_advisor,Business & Workplace,neutral,ai_advisor,blocked_on_augmentation,neutral,metadata_only_until_prompt_exposed,long_case,Business & Workplace,,pending_gold_slice_validation,requires_fresh_generations,v1,2026-04-22
morebench,morebench_public,morebench_public__0269,269,ai_risk_dilemmas,long_case,ai_agent,Science & Techonology,neutral,ai_agent,blocked_on_augmentation,neutral,metadata_only_until_prompt_exposed,long_case,Science & Techonology,,pending_gold_slice_validation,requires_fresh_generations,v1,2026-04-22
morebench,morebench_public,morebench_public__0270,270,daily_dilemmas,long_case,ai_advisor,Bioethics & Healthcare,neutral,ai_advisor,blocked_on_augmentation,neutral,metadata_only_until_prompt_exposed,long_case,Bioethics & Healthcare,,pending_gold_slice_validation,requires_fresh_generations,v1,2026-04-22
morebench,morebench_public,morebench_public__0271,271,daily_dilemmas,short_case,ai_advisor,Interpersonal relationship,neutral,ai_advisor,blocked_on_augmentation,neutral,metadata_only_until_prompt_exposed,short_case,Interpersonal relationship,,pending_gold_slice_validation,requires_fresh_generations,v1,2026-04-22
morebench,morebench_public,morebench_public__0272,272,ai_risk_dilemmas,short_case,ai_agent,Science & Techonology,neutral,ai_agent,blocked_on_augmentation,neutral,metadata_only_until_prompt_exposed,short_case,Science & Techonology,,pending_gold_slice_validation,requires_fresh_generations,v1,2026-04-22
morebench,morebench_public,morebench_public__0273,273,daily_dilemmas,long_case,ai_advisor,Interpersonal relationship,neutral,ai_advisor,blocked_on_augmentation,neutral,metadata_only_until_prompt_exposed,long_case,Interpersonal relationship,,pending_gold_slice_validation,requires_fresh_generations,v1,2026-04-22
morebench,morebench_public,morebench_public__0274,274,daily_dilemmas,long_case,ai_advisor,Education,neutral,ai_advisor,blocked_on_augmentation,neutral,metadata_only_until_prompt_exposed,long_case,Education,,pending_gold_slice_validation,requires_fresh_generations,v1,2026-04-22
morebench,morebench_public,morebench_public__0275,275,expert_written_ethic_bowl,expert_case,ai_advisor,Business & Workplace,neutral,ai_advisor,blocked_on_augmentation,neutral,metadata_only_until_prompt_exposed,expert_case,Business & Workplace,,pending_gold_slice_validation,requires_fresh_generations,v1,2026-04-22
morebench,morebench_public,morebench_public__0276,276,expert_written_ethic_unwrapped,expert_case,ai_advisor,Professional Ethics,neutral,ai_advisor,blocked_on_augmentation,neutral,metadata_only_until_prompt_exposed,expert_case,Professional Ethics,,pending_gold_slice_validation,requires_fresh_generations,v1,2026-04-22
morebench,morebench_public,morebench_public__0277,277,ai_risk_dilemmas,short_case,ai_agent,Bioethics & Healthcare,neutral,ai_agent,blocked_on_augmentation,neutral,metadata_only_until_prompt_exposed,short_case,Bioethics & Healthcare,,pending_gold_slice_validation,requires_fresh_generations,v1,2026-04-22
morebench,morebench_public,morebench_public__0278,278,daily_dilemmas,short_case,ai_advisor,Interpersonal relationship,neutral,ai_advisor,blocked_on_augmentation,neutral,metadata_only_until_prompt_exposed,short_case,Interpersonal relationship,,pending_gold_slice_validation,requires_fresh_generations,v1,2026-04-22
morebench,morebench_public,morebench_public__0279,279,daily_dilemmas,short_case,ai_advisor,Right & Duty & Justice,neutral,ai_advisor,blocked_on_augmentation,neutral,metadata_only_until_prompt_exposed,short_case,Right & Duty & Justice,,pending_gold_slice_validation,requires_fresh_generations,v1,2026-04-22
morebench,morebench_public,morebench_public__0280,280,daily_dilemmas,long_case,ai_advisor,Right & Duty & Justice,neutral,ai_advisor,blocked_on_augmentation,neutral,metadata_only_until_prompt_exposed,long_case,Right & Duty & Justice,,pending_gold_slice_validation,requires_fresh_generations,v1,2026-04-22
morebench,morebench_public,morebench_public__0281,281,expert_written_ethic_bowl,expert_case,ai_advisor,Science & Techonology,neutral,ai_advisor,blocked_on_augmentation,neutral,metadata_only_until_prompt_exposed,expert_case,Science & Techonology,,pending_gold_slice_validation,requires_fresh_generations,v1,2026-04-22
morebench,morebench_public,morebench_public__0282,282,daily_dilemmas,long_case,ai_advisor,Professional Ethics,neutral,ai_advisor,blocked_on_augmentation,neutral,metadata_only_until_prompt_exposed,long_case,Professional Ethics,,pending_gold_slice_validation,requires_fresh_generations,v1,2026-04-22
morebench,morebench_public,morebench_public__0283,283,ai_risk_dilemmas,long_case,ai_agent,Bioethics & Healthcare,neutral,ai_agent,blocked_on_augmentation,neutral,metadata_only_until_prompt_exposed,long_case,Bioethics & Healthcare,,pending_gold_slice_validation,requires_fresh_generations,v1,2026-04-22
morebench,morebench_public,morebench_public__0284,284,ai_risk_dilemmas,short_case,ai_agent,Science & Techonology,neutral,ai_agent,blocked_on_augmentation,neutral,metadata_only_until_prompt_exposed,short_case,Science & Techonology,,pending_gold_slice_validation,requires_fresh_generations,v1,2026-04-22
morebench,morebench_public,morebench_public__0285,285,ai_risk_dilemmas,short_case,ai_agent,Transport,neutral,ai_agent,blocked_on_augmentation,neutral,metadata_only_until_prompt_exposed,short_case,Transport,,pending_gold_slice_validation,requires_fresh_generations,v1,2026-04-22
morebench,morebench_public,morebench_public__0286,286,ai_risk_dilemmas,short_case,ai_agent,Animal & Environment,neutral,ai_agent,blocked_on_augmentation,neutral,metadata_only_until_prompt_exposed,short_case,Animal & Environment,,pending_gold_slice_validation,requires_fresh_generations,v1,2026-04-22
morebench,morebench_public,morebench_public__0287,287,daily_dilemmas,short_case,ai_advisor,Business & Workplace,neutral,ai_advisor,blocked_on_augmentation,neutral,metadata_only_until_prompt_exposed,short_case,Business & Workplace,,pending_gold_slice_validation,requires_fresh_generations,v1,2026-04-22
morebench,morebench_public,morebench_public__0288,288,daily_dilemmas,short_case,ai_advisor,Professional Ethics,neutral,ai_advisor,blocked_on_augmentation,neutral,metadata_only_until_prompt_exposed,short_case,Professional Ethics,,pending_gold_slice_validation,requires_fresh_generations,v1,2026-04-22
morebench,morebench_public,morebench_public__0289,289,expert_written_ethic_unwrapped,expert_case,ai_advisor,Professional Ethics,neutral,ai_advisor,blocked_on_augmentation,neutral,metadata_only_until_prompt_exposed,expert_case,Professional Ethics,,pending_gold_slice_validation,requires_fresh_generations,v1,2026-04-22
morebench,morebench_public,morebench_public__0290,290,daily_dilemmas,short_case,ai_advisor,Religion,neutral,ai_advisor,blocked_on_augmentation,neutral,metadata_only_until_prompt_exposed,short_case,Religion,,pending_gold_slice_validation,requires_fresh_generations,v1,2026-04-22
morebench,morebench_public,morebench_public__0291,291,daily_dilemmas,short_case,ai_advisor,Professional Ethics,neutral,ai_advisor,blocked_on_augmentation,neutral,metadata_only_until_prompt_exposed,short_case,Professional Ethics,,pending_gold_slice_validation,requires_fresh_generations,v1,2026-04-22
morebench,morebench_public,morebench_public__0292,292,daily_dilemmas,long_case,ai_advisor,Right & Duty & Justice,neutral,ai_advisor,blocked_on_augmentation,neutral,metadata_only_until_prompt_exposed,long_case,Right & Duty & Justice,,pending_gold_slice_validation,requires_fresh_generations,v1,2026-04-22
morebench,morebench_public,morebench_public__0293,293,expert_written_ethic_bowl,expert_case,ai_advisor,Education,neutral,ai_advisor,blocked_on_augmentation,neutral,metadata_only_until_prompt_exposed,expert_case,Education,,pending_gold_slice_validation,requires_fresh_generations,v1,2026-04-22
morebench,morebench_public,morebench_public__0294,294,daily_dilemmas,long_case,ai_advisor,Animal & Environment,neutral,ai_advisor,blocked_on_augmentation,neutral,metadata_only_until_prompt_exposed,long_case,Animal & Environment,,pending_gold_slice_validation,requires_fresh_generations,v1,2026-04-22
morebench,morebench_public,morebench_public__0295,295,ai_risk_dilemmas,long_case,ai_agent,Education,neutral,ai_agent,blocked_on_augmentation,neutral,metadata_only_until_prompt_exposed,long_case,Education,,pending_gold_slice_validation,requires_fresh_generations,v1,2026-04-22
morebench,morebench_public,morebench_public__0296,296,expert_written_ethic_bowl,expert_case,ai_advisor,Science & Techonology,neutral,ai_advisor,blocked_on_augmentation,neutral,metadata_only_until_prompt_exposed,expert_case,Science & Techonology,,pending_gold_slice_validation,requires_fresh_generations,v1,2026-04-22
morebench,morebench_public,morebench_public__0297,297,ai_risk_dilemmas,short_case,ai_agent,Transport,neutral,ai_agent,blocked_on_augmentation,neutral,metadata_only_until_prompt_exposed,short_case,Transport,,pending_gold_slice_validation,requires_fresh_generations,v1,2026-04-22
morebench,morebench_public,morebench_public__0298,298,ai_risk_dilemmas,short_case,ai_agent,Business & Workplace,neutral,ai_agent,blocked_on_augmentation,neutral,metadata_only_until_prompt_exposed,short_case,Business & Workplace,,pending_gold_slice_validation,requires_fresh_generations,v1,2026-04-22
morebench,morebench_public,morebench_public__0299,299,expert_written_ethic_unwrapped,expert_case,ai_advisor,Science & Techonology,neutral,ai_advisor,blocked_on_augmentation,neutral,metadata_only_until_prompt_exposed,expert_case,Science & Techonology,,pending_gold_slice_validation,requires_fresh_generations,v1,2026-04-22
morebench,morebench_public,morebench_public__0300,300,ai_risk_dilemmas,short_case,ai_agent,Science & Techonology,neutral,ai_agent,blocked_on_augmentation,neutral,metadata_only_until_prompt_exposed,short_case,Science & Techonology,,pending_gold_slice_validation,requires_fresh_generations,v1,2026-04-22
morebench,morebench_public,morebench_public__0301,301,ai_risk_dilemmas,long_case,ai_agent,Entertainment,neutral,ai_agent,blocked_on_augmentation,neutral,metadata_only_until_prompt_exposed,long_case,Entertainment,,pending_gold_slice_validation,requires_fresh_generations,v1,2026-04-22
morebench,morebench_public,morebench_public__0302,302,daily_dilemmas,long_case,ai_advisor,Right & Duty & Justice,neutral,ai_advisor,blocked_on_augmentation,neutral,metadata_only_until_prompt_exposed,long_case,Right & Duty & Justice,,pending_gold_slice_validation,requires_fresh_generations,v1,2026-04-22
morebench,morebench_public,morebench_public__0303,303,daily_dilemmas,short_case,ai_advisor,Business & Workplace,neutral,ai_advisor,blocked_on_augmentation,neutral,metadata_only_until_prompt_exposed,short_case,Business & Workplace,,pending_gold_slice_validation,requires_fresh_generations,v1,2026-04-22
morebench,morebench_public,morebench_public__0304,304,ai_risk_dilemmas,long_case,ai_agent,Business & Workplace,neutral,ai_agent,blocked_on_augmentation,neutral,metadata_only_until_prompt_exposed,long_case,Business & Workplace,,pending_gold_slice_validation,requires_fresh_generations,v1,2026-04-22
morebench,morebench_public,morebench_public__0305,305,daily_dilemmas,long_case,ai_advisor,Animal & Environment,neutral,ai_advisor,blocked_on_augmentation,neutral,metadata_only_until_prompt_exposed,long_case,Animal & Environment,,pending_gold_slice_validation,requires_fresh_generations,v1,2026-04-22
morebench,morebench_public,morebench_public__0306,306,ai_risk_dilemmas,long_case,ai_agent,Animal & Environment,neutral,ai_agent,blocked_on_augmentation,neutral,metadata_only_until_prompt_exposed,long_case,Animal & Environment,,pending_gold_slice_validation,requires_fresh_generations,v1,2026-04-22
morebench,morebench_public,morebench_public__0307,307,ai_risk_dilemmas,short_case,ai_agent,Bioethics & Healthcare,neutral,ai_agent,blocked_on_augmentation,neutral,metadata_only_until_prompt_exposed,short_case,Bioethics & Healthcare,,pending_gold_slice_validation,requires_fresh_generations,v1,2026-04-22
morebench,morebench_public,morebench_public__0308,308,expert_written_ethic_unwrapped,expert_case,ai_advisor,Science & Techonology,neutral,ai_advisor,blocked_on_augmentation,neutral,metadata_only_until_prompt_exposed,expert_case,Science & Techonology,,pending_gold_slice_validation,requires_fresh_generations,v1,2026-04-22
morebench,morebench_public,morebench_public__0309,309,daily_dilemmas,long_case,ai_advisor,Right & Duty & Justice,neutral,ai_advisor,blocked_on_augmentation,neutral,metadata_only_until_prompt_exposed,long_case,Right & Duty & Justice,,pending_gold_slice_validation,requires_fresh_generations,v1,2026-04-22
morebench,morebench_public,morebench_public__0310,310,daily_dilemmas,short_case,ai_advisor,Sports,neutral,ai_advisor,blocked_on_augmentation,neutral,metadata_only_until_prompt_exposed,short_case,Sports,,pending_gold_slice_validation,requires_fresh_generations,v1,2026-04-22
morebench,morebench_public,morebench_public__0311,311,ai_risk_dilemmas,long_case,ai_agent,Science & Techonology,neutral,ai_agent,blocked_on_augmentation,neutral,metadata_only_until_prompt_exposed,long_case,Science & Techonology,,pending_gold_slice_validation,requires_fresh_generations,v1,2026-04-22
morebench,morebench_public,morebench_public__0312,312,daily_dilemmas,long_case,ai_advisor,Business & Workplace,neutral,ai_advisor,blocked_on_augmentation,neutral,metadata_only_until_prompt_exposed,long_case,Business & Workplace,,pending_gold_slice_validation,requires_fresh_generations,v1,2026-04-22
morebench,morebench_public,morebench_public__0313,313,daily_dilemmas,short_case,ai_advisor,Animal & Environment,neutral,ai_advisor,blocked_on_augmentation,neutral,metadata_only_until_prompt_exposed,short_case,Animal & Environment,,pending_gold_slice_validation,requires_fresh_generations,v1,2026-04-22
morebench,morebench_public,morebench_public__0314,314,expert_written_ethic_unwrapped,expert_case,ai_advisor,Professional Ethics,neutral,ai_advisor,blocked_on_augmentation,neutral,metadata_only_until_prompt_exposed,expert_case,Professional Ethics,,pending_gold_slice_validation,requires_fresh_generations,v1,2026-04-22
morebench,morebench_public,morebench_public__0315,315,ai_risk_dilemmas,short_case,ai_agent,Science & Techonology,neutral,ai_agent,blocked_on_augmentation,neutral,metadata_only_until_prompt_exposed,short_case,Science & Techonology,,pending_gold_slice_validation,requires_fresh_generations,v1,2026-04-22
morebench,morebench_public,morebench_public__0316,316,ai_risk_dilemmas,long_case,ai_agent,Science & Techonology,neutral,ai_agent,blocked_on_augmentation,neutral,metadata_only_until_prompt_exposed,long_case,Science & Techonology,,pending_gold_slice_validation,requires_fresh_generations,v1,2026-04-22
morebench,morebench_public,morebench_public__0317,317,daily_dilemmas,short_case,ai_advisor,Sports,neutral,ai_advisor,blocked_on_augmentation,neutral,metadata_only_until_prompt_exposed,short_case,Sports,,pending_gold_slice_validation,requires_fresh_generations,v1,2026-04-22
morebench,morebench_public,morebench_public__0318,318,daily_dilemmas,short_case,ai_advisor,Right & Duty & Justice,neutral,ai_advisor,blocked_on_augmentation,neutral,metadata_only_until_prompt_exposed,short_case,Right & Duty & Justice,,pending_gold_slice_validation,requires_fresh_generations,v1,2026-04-22
morebench,morebench_public,morebench_public__0319,319,daily_dilemmas,short_case,ai_advisor,Animal & Environment,neutral,ai_advisor,blocked_on_augmentation,neutral,metadata_only_until_prompt_exposed,short_case,Animal & Environment,,pending_gold_slice_validation,requires_fresh_generations,v1,2026-04-22
morebench,morebench_public,morebench_public__0320,320,daily_dilemmas,short_case,ai_advisor,Science & Techonology,neutral,ai_advisor,blocked_on_augmentation,neutral,metadata_only_until_prompt_exposed,short_case,Science & Techonology,,pending_gold_slice_validation,requires_fresh_generations,v1,2026-04-22
morebench,morebench_public,morebench_public__0321,321,expert_written_ethic_bowl,expert_case,ai_advisor,Science & Techonology,neutral,ai_advisor,blocked_on_augmentation,neutral,metadata_only_until_prompt_exposed,expert_case,Science & Techonology,,pending_gold_slice_validation,requires_fresh_generations,v1,2026-04-22
morebench,morebench_public,morebench_public__0322,322,daily_dilemmas,long_case,ai_advisor,Right & Duty & Justice,neutral,ai_advisor,blocked_on_augmentation,neutral,metadata_only_until_prompt_exposed,long_case,Right & Duty & Justice,,pending_gold_slice_validation,requires_fresh_generations,v1,2026-04-22
morebench,morebench_public,morebench_public__0323,323,expert_written_ethic_bowl,expert_case,ai_advisor,Bioethics & Healthcare,neutral,ai_advisor,blocked_on_augmentation,neutral,metadata_only_until_prompt_exposed,expert_case,Bioethics & Healthcare,,pending_gold_slice_validation,requires_fresh_generations,v1,2026-04-22
morebench,morebench_public,morebench_public__0324,324,daily_dilemmas,long_case,ai_advisor,Media & Journalism,neutral,ai_advisor,blocked_on_augmentation,neutral,metadata_only_until_prompt_exposed,long_case,Media & Journalism,,pending_gold_slice_validation,requires_fresh_generations,v1,2026-04-22
morebench,morebench_public,morebench_public__0325,325,expert_written_ethic_bowl,expert_case,ai_advisor,Sports,neutral,ai_advisor,blocked_on_augmentation,neutral,metadata_only_until_prompt_exposed,expert_case,Sports,,pending_gold_slice_validation,requires_fresh_generations,v1,2026-04-22
morebench,morebench_public,morebench_public__0326,326,expert_written_ethic_bowl,expert_case,ai_advisor,Professional Ethics,neutral,ai_advisor,blocked_on_augmentation,neutral,metadata_only_until_prompt_exposed,expert_case,Professional Ethics,,pending_gold_slice_validation,requires_fresh_generations,v1,2026-04-22
morebench,morebench_public,morebench_public__0327,327,ai_risk_dilemmas,short_case,ai_agent,Transport,neutral,ai_agent,blocked_on_augmentation,neutral,metadata_only_until_prompt_exposed,short_case,Transport,,pending_gold_slice_validation,requires_fresh_generations,v1,2026-04-22
morebench,morebench_public,morebench_public__0328,328,daily_dilemmas,short_case,ai_advisor,Right & Duty & Justice,neutral,ai_advisor,blocked_on_augmentation,neutral,metadata_only_until_prompt_exposed,short_case,Right & Duty & Justice,,pending_gold_slice_validation,requires_fresh_generations,v1,2026-04-22
morebench,morebench_public,morebench_public__0329,329,expert_written_ethic_bowl,expert_case,ai_advisor,Science & Techonology,neutral,ai_advisor,blocked_on_augmentation,neutral,metadata_only_until_prompt_exposed,expert_case,Science & Techonology,,pending_gold_slice_validation,requires_fresh_generations,v1,2026-04-22
morebench,morebench_public,morebench_public__0330,330,daily_dilemmas,short_case,ai_advisor,Right & Duty & Justice,neutral,ai_advisor,blocked_on_augmentation,neutral,metadata_only_until_prompt_exposed,short_case,Right & Duty & Justice,,pending_gold_slice_validation,requires_fresh_generations,v1,2026-04-22
morebench,morebench_public,morebench_public__0331,331,ai_risk_dilemmas,long_case,ai_agent,Science & Techonology,neutral,ai_agent,blocked_on_augmentation,neutral,metadata_only_until_prompt_exposed,long_case,Science & Techonology,,pending_gold_slice_validation,requires_fresh_generations,v1,2026-04-22
morebench,morebench_public,morebench_public__0332,332,ai_risk_dilemmas,short_case,ai_agent,Bioethics & Healthcare,neutral,ai_agent,blocked_on_augmentation,neutral,metadata_only_until_prompt_exposed,short_case,Bioethics & Healthcare,,pending_gold_slice_validation,requires_fresh_generations,v1,2026-04-22
morebench,morebench_public,morebench_public__0333,333,expert_written_ethic_bowl,expert_case,ai_advisor,Education,neutral,ai_advisor,blocked_on_augmentation,neutral,metadata_only_until_prompt_exposed,expert_case,Education,,pending_gold_slice_validation,requires_fresh_generations,v1,2026-04-22
morebench,morebench_public,morebench_public__0334,334,ai_risk_dilemmas,short_case,ai_agent,Science & Techonology,neutral,ai_agent,blocked_on_augmentation,neutral,metadata_only_until_prompt_exposed,short_case,Science & Techonology,,pending_gold_slice_validation,requires_fresh_generations,v1,2026-04-22
morebench,morebench_public,morebench_public__0335,335,daily_dilemmas,short_case,ai_advisor,Right & Duty & Justice,neutral,ai_advisor,blocked_on_augmentation,neutral,metadata_only_until_prompt_exposed,short_case,Right & Duty & Justice,,pending_gold_slice_validation,requires_fresh_generations,v1,2026-04-22
morebench,morebench_public,morebench_public__0336,336,daily_dilemmas,long_case,ai_advisor,Professional Ethics,neutral,ai_advisor,blocked_on_augmentation,neutral,metadata_only_until_prompt_exposed,long_case,Professional Ethics,,pending_gold_slice_validation,requires_fresh_generations,v1,2026-04-22
morebench,morebench_public,morebench_public__0337,337,expert_written_ethic_unwrapped,expert_case,ai_advisor,Education,neutral,ai_advisor,blocked_on_augmentation,neutral,metadata_only_until_prompt_exposed,expert_case,Education,,pending_gold_slice_validation,requires_fresh_generations,v1,2026-04-22
morebench,morebench_public,morebench_public__0338,338,expert_written_literature,expert_case,ai_advisor,Professional Ethics,neutral,ai_advisor,blocked_on_augmentation,neutral,metadata_only_until_prompt_exposed,expert_case,Professional Ethics,,pending_gold_slice_validation,requires_fresh_generations,v1,2026-04-22
morebench,morebench_public,morebench_public__0339,339,daily_dilemmas,short_case,ai_advisor,Interpersonal relationship,neutral,ai_advisor,blocked_on_augmentation,neutral,metadata_only_until_prompt_exposed,short_case,Interpersonal relationship,,pending_gold_slice_validation,requires_fresh_generations,v1,2026-04-22
morebench,morebench_public,morebench_public__0340,340,ai_risk_dilemmas,short_case,ai_agent,Education,neutral,ai_agent,blocked_on_augmentation,neutral,metadata_only_until_prompt_exposed,short_case,Education,,pending_gold_slice_validation,requires_fresh_generations,v1,2026-04-22
morebench,morebench_public,morebench_public__0341,341,expert_written_ethic_bowl,expert_case,ai_advisor,Media & Journalism,neutral,ai_advisor,blocked_on_augmentation,neutral,metadata_only_until_prompt_exposed,expert_case,Media & Journalism,,pending_gold_slice_validation,requires_fresh_generations,v1,2026-04-22
morebench,morebench_public,morebench_public__0342,342,daily_dilemmas,short_case,ai_advisor,Interpersonal relationship,neutral,ai_advisor,blocked_on_augmentation,neutral,metadata_only_until_prompt_exposed,short_case,Interpersonal relationship,,pending_gold_slice_validation,requires_fresh_generations,v1,2026-04-22
morebench,morebench_public,morebench_public__0343,343,expert_written_literature,expert_case,ai_advisor,Others,neutral,ai_advisor,blocked_on_augmentation,neutral,metadata_only_until_prompt_exposed,expert_case,Others,,pending_gold_slice_validation,requires_fresh_generations,v1,2026-04-22
morebench,morebench_public,morebench_public__0344,344,daily_dilemmas,long_case,ai_advisor,Religion,neutral,ai_advisor,blocked_on_augmentation,neutral,metadata_only_until_prompt_exposed,long_case,Religion,,pending_gold_slice_validation,requires_fresh_generations,v1,2026-04-22
morebench,morebench_public,morebench_public__0345,345,expert_written_ethic_bowl,expert_case,ai_advisor,Right & Duty & Justice,neutral,ai_advisor,blocked_on_augmentation,neutral,metadata_only_until_prompt_exposed,expert_case,Right & Duty & Justice,,pending_gold_slice_validation,requires_fresh_generations,v1,2026-04-22
morebench,morebench_public,morebench_public__0346,346,ai_risk_dilemmas,short_case,ai_agent,Science & Techonology,neutral,ai_agent,blocked_on_augmentation,neutral,metadata_only_until_prompt_exposed,short_case,Science & Techonology,,pending_gold_slice_validation,requires_fresh_generations,v1,2026-04-22
morebench,morebench_public,morebench_public__0347,347,expert_written_collab,expert_case,ai_agent,Business & Workplace,neutral,ai_agent,blocked_on_augmentation,neutral,metadata_only_until_prompt_exposed,expert_case,Business & Workplace,,pending_gold_slice_validation,requires_fresh_generations,v1,2026-04-22
morebench,morebench_public,morebench_public__0348,348,ai_risk_dilemmas,long_case,ai_agent,Business & Workplace,neutral,ai_agent,blocked_on_augmentation,neutral,metadata_only_until_prompt_exposed,long_case,Business & Workplace,,pending_gold_slice_validation,requires_fresh_generations,v1,2026-04-22
morebench,morebench_public,morebench_public__0349,349,ai_risk_dilemmas,short_case,ai_agent,Transport,neutral,ai_agent,blocked_on_augmentation,neutral,metadata_only_until_prompt_exposed,short_case,Transport,,pending_gold_slice_validation,requires_fresh_generations,v1,2026-04-22
morebench,morebench_public,morebench_public__0350,350,expert_written_ethic_bowl,expert_case,ai_advisor,Animal & Environment,neutral,ai_advisor,blocked_on_augmentation,neutral,metadata_only_until_prompt_exposed,expert_case,Animal & Environment,,pending_gold_slice_validation,requires_fresh_generations,v1,2026-04-22
morebench,morebench_public,morebench_public__0351,351,daily_dilemmas,short_case,ai_advisor,Right & Duty & Justice,neutral,ai_advisor,blocked_on_augmentation,neutral,metadata_only_until_prompt_exposed,short_case,Right & Duty & Justice,,pending_gold_slice_validation,requires_fresh_generations,v1,2026-04-22
morebench,morebench_public,morebench_public__0352,352,daily_dilemmas,short_case,ai_advisor,Interpersonal relationship,neutral,ai_advisor,blocked_on_augmentation,neutral,metadata_only_until_prompt_exposed,short_case,Interpersonal relationship,,pending_gold_slice_validation,requires_fresh_generations,v1,2026-04-22
morebench,morebench_public,morebench_public__0353,353,daily_dilemmas,long_case,ai_advisor,Religion,neutral,ai_advisor,blocked_on_augmentation,neutral,metadata_only_until_prompt_exposed,long_case,Religion,,pending_gold_slice_validation,requires_fresh_generations,v1,2026-04-22
morebench,morebench_public,morebench_public__0354,354,ai_risk_dilemmas,long_case,ai_agent,Business & Workplace,neutral,ai_agent,blocked_on_augmentation,neutral,metadata_only_until_prompt_exposed,long_case,Business & Workplace,,pending_gold_slice_validation,requires_fresh_generations,v1,2026-04-22
morebench,morebench_public,morebench_public__0355,355,daily_dilemmas,short_case,ai_advisor,Interpersonal relationship,neutral,ai_advisor,blocked_on_augmentation,neutral,metadata_only_until_prompt_exposed,short_case,Interpersonal relationship,,pending_gold_slice_validation,requires_fresh_generations,v1,2026-04-22
morebench,morebench_public,morebench_public__0356,356,ai_risk_dilemmas,long_case,ai_agent,Transport,neutral,ai_agent,blocked_on_augmentation,neutral,metadata_only_until_prompt_exposed,long_case,Transport,,pending_gold_slice_validation,requires_fresh_generations,v1,2026-04-22
morebench,morebench_public,morebench_public__0357,357,daily_dilemmas,long_case,ai_advisor,Interpersonal relationship,neutral,ai_advisor,blocked_on_augmentation,neutral,metadata_only_until_prompt_exposed,long_case,Interpersonal relationship,,pending_gold_slice_validation,requires_fresh_generations,v1,2026-04-22
morebench,morebench_public,morebench_public__0358,358,ai_risk_dilemmas,short_case,ai_agent,Bioethics & Healthcare,neutral,ai_agent,blocked_on_augmentation,neutral,metadata_only_until_prompt_exposed,short_case,Bioethics & Healthcare,,pending_gold_slice_validation,requires_fresh_generations,v1,2026-04-22
morebench,morebench_public,morebench_public__0359,359,ai_risk_dilemmas,long_case,ai_agent,Science & Techonology,neutral,ai_agent,blocked_on_augmentation,neutral,metadata_only_until_prompt_exposed,long_case,Science & Techonology,,pending_gold_slice_validation,requires_fresh_generations,v1,2026-04-22
morebench,morebench_public,morebench_public__0360,360,daily_dilemmas,short_case,ai_advisor,Professional Ethics,neutral,ai_advisor,blocked_on_augmentation,neutral,metadata_only_until_prompt_exposed,short_case,Professional Ethics,,pending_gold_slice_validation,requires_fresh_generations,v1,2026-04-22
morebench,morebench_public,morebench_public__0361,361,ai_risk_dilemmas,short_case,ai_agent,Bioethics & Healthcare,neutral,ai_agent,blocked_on_augmentation,neutral,metadata_only_until_prompt_exposed,short_case,Bioethics & Healthcare,,pending_gold_slice_validation,requires_fresh_generations,v1,2026-04-22
morebench,morebench_public,morebench_public__0362,362,expert_written_ethic_unwrapped,expert_case,ai_advisor,Sports,neutral,ai_advisor,blocked_on_augmentation,neutral,metadata_only_until_prompt_exposed,expert_case,Sports,,pending_gold_slice_validation,requires_fresh_generations,v1,2026-04-22
morebench,morebench_public,morebench_public__0363,363,expert_written_ethic_unwrapped,expert_case,ai_advisor,Sports,neutral,ai_advisor,blocked_on_augmentation,neutral,metadata_only_until_prompt_exposed,expert_case,Sports,,pending_gold_slice_validation,requires_fresh_generations,v1,2026-04-22
morebench,morebench_public,morebench_public__0364,364,ai_risk_dilemmas,long_case,ai_agent,Science & Techonology,neutral,ai_agent,blocked_on_augmentation,neutral,metadata_only_until_prompt_exposed,long_case,Science & Techonology,,pending_gold_slice_validation,requires_fresh_generations,v1,2026-04-22
morebench,morebench_public,morebench_public__0365,365,ai_risk_dilemmas,short_case,ai_agent,Science & Techonology,neutral,ai_agent,blocked_on_augmentation,neutral,metadata_only_until_prompt_exposed,short_case,Science & Techonology,,pending_gold_slice_validation,requires_fresh_generations,v1,2026-04-22
morebench,morebench_public,morebench_public__0366,366,daily_dilemmas,long_case,ai_advisor,Interpersonal relationship,neutral,ai_advisor,blocked_on_augmentation,neutral,metadata_only_until_prompt_exposed,long_case,Interpersonal relationship,,pending_gold_slice_validation,requires_fresh_generations,v1,2026-04-22
morebench,morebench_public,morebench_public__0367,367,daily_dilemmas,long_case,ai_advisor,Religion,neutral,ai_advisor,blocked_on_augmentation,neutral,metadata_only_until_prompt_exposed,long_case,Religion,,pending_gold_slice_validation,requires_fresh_generations,v1,2026-04-22
morebench,morebench_public,morebench_public__0368,368,ai_risk_dilemmas,short_case,ai_agent,Science & Techonology,neutral,ai_agent,blocked_on_augmentation,neutral,metadata_only_until_prompt_exposed,short_case,Science & Techonology,,pending_gold_slice_validation,requires_fresh_generations,v1,2026-04-22
morebench,morebench_public,morebench_public__0369,369,daily_dilemmas,short_case,ai_advisor,Religion,neutral,ai_advisor,blocked_on_augmentation,neutral,metadata_only_until_prompt_exposed,short_case,Religion,,pending_gold_slice_validation,requires_fresh_generations,v1,2026-04-22
morebench,morebench_public,morebench_public__0370,370,ai_risk_dilemmas,long_case,ai_agent,Science & Techonology,neutral,ai_agent,blocked_on_augmentation,neutral,metadata_only_until_prompt_exposed,long_case,Science & Techonology,,pending_gold_slice_validation,requires_fresh_generations,v1,2026-04-22
morebench,morebench_public,morebench_public__0371,371,ai_risk_dilemmas,short_case,ai_agent,Business & Workplace,neutral,ai_agent,blocked_on_augmentation,neutral,metadata_only_until_prompt_exposed,short_case,Business & Workplace,,pending_gold_slice_validation,requires_fresh_generations,v1,2026-04-22
morebench,morebench_public,morebench_public__0372,372,ai_risk_dilemmas,long_case,ai_agent,Business & Workplace,neutral,ai_agent,blocked_on_augmentation,neutral,metadata_only_until_prompt_exposed,long_case,Business & Workplace,,pending_gold_slice_validation,requires_fresh_generations,v1,2026-04-22
morebench,morebench_public,morebench_public__0373,373,ai_risk_dilemmas,short_case,ai_agent,Business & Workplace,neutral,ai_agent,blocked_on_augmentation,neutral,metadata_only_until_prompt_exposed,short_case,Business & Workplace,,pending_gold_slice_validation,requires_fresh_generations,v1,2026-04-22
morebench,morebench_public,morebench_public__0374,374,daily_dilemmas,long_case,ai_advisor,Right & Duty & Justice,neutral,ai_advisor,blocked_on_augmentation,neutral,metadata_only_until_prompt_exposed,long_case,Right & Duty & Justice,,pending_gold_slice_validation,requires_fresh_generations,v1,2026-04-22
morebench,morebench_public,morebench_public__0375,375,daily_dilemmas,long_case,ai_advisor,Animal & Environment,neutral,ai_advisor,blocked_on_augmentation,neutral,metadata_only_until_prompt_exposed,long_case,Animal & Environment,,pending_gold_slice_validation,requires_fresh_generations,v1,2026-04-22
morebench,morebench_public,morebench_public__0376,376,ai_risk_dilemmas,long_case,ai_agent,Science & Techonology,neutral,ai_agent,blocked_on_augmentation,neutral,metadata_only_until_prompt_exposed,long_case,Science & Techonology,,pending_gold_slice_validation,requires_fresh_generations,v1,2026-04-22
morebench,morebench_public,morebench_public__0377,377,expert_written_ethic_bowl,expert_case,ai_advisor,Science & Techonology,neutral,ai_advisor,blocked_on_augmentation,neutral,metadata_only_until_prompt_exposed,expert_case,Science & Techonology,,pending_gold_slice_validation,requires_fresh_generations,v1,2026-04-22
morebench,morebench_public,morebench_public__0378,378,daily_dilemmas,short_case,ai_advisor,Interpersonal relationship,neutral,ai_advisor,blocked_on_augmentation,neutral,metadata_only_until_prompt_exposed,short_case,Interpersonal relationship,,pending_gold_slice_validation,requires_fresh_generations,v1,2026-04-22
morebench,morebench_public,morebench_public__0379,379,daily_dilemmas,long_case,ai_advisor,Business & Workplace,neutral,ai_advisor,blocked_on_augmentation,neutral,metadata_only_until_prompt_exposed,long_case,Business & Workplace,,pending_gold_slice_validation,requires_fresh_generations,v1,2026-04-22
morebench,morebench_public,morebench_public__0380,380,daily_dilemmas,short_case,ai_advisor,Interpersonal relationship,neutral,ai_advisor,blocked_on_augmentation,neutral,metadata_only_until_prompt_exposed,short_case,Interpersonal relationship,,pending_gold_slice_validation,requires_fresh_generations,v1,2026-04-22
morebench,morebench_public,morebench_public__0381,381,expert_written_ethic_unwrapped,expert_case,ai_advisor,Sports,neutral,ai_advisor,blocked_on_augmentation,neutral,metadata_only_until_prompt_exposed,expert_case,Sports,,pending_gold_slice_validation,requires_fresh_generations,v1,2026-04-22
morebench,morebench_public,morebench_public__0382,382,expert_written_literature,expert_case,ai_advisor,Organization,neutral,ai_advisor,blocked_on_augmentation,neutral,metadata_only_until_prompt_exposed,expert_case,Organization,,pending_gold_slice_validation,requires_fresh_generations,v1,2026-04-22
morebench,morebench_public,morebench_public__0383,383,daily_dilemmas,short_case,ai_advisor,Animal & Environment,neutral,ai_advisor,blocked_on_augmentation,neutral,metadata_only_until_prompt_exposed,short_case,Animal & Environment,,pending_gold_slice_validation,requires_fresh_generations,v1,2026-04-22
morebench,morebench_public,morebench_public__0384,384,ai_risk_dilemmas,short_case,ai_agent,Science & Techonology,neutral,ai_agent,blocked_on_augmentation,neutral,metadata_only_until_prompt_exposed,short_case,Science & Techonology,,pending_gold_slice_validation,requires_fresh_generations,v1,2026-04-22
morebench,morebench_public,morebench_public__0385,385,daily_dilemmas,short_case,ai_advisor,Religion,neutral,ai_advisor,blocked_on_augmentation,neutral,metadata_only_until_prompt_exposed,short_case,Religion,,pending_gold_slice_validation,requires_fresh_generations,v1,2026-04-22
morebench,morebench_public,morebench_public__0386,386,expert_written_ethic_unwrapped,expert_case,ai_advisor,Bioethics & Healthcare,neutral,ai_advisor,blocked_on_augmentation,neutral,metadata_only_until_prompt_exposed,expert_case,Bioethics & Healthcare,,pending_gold_slice_validation,requires_fresh_generations,v1,2026-04-22
morebench,morebench_public,morebench_public__0387,387,ai_risk_dilemmas,short_case,ai_agent,Organization,neutral,ai_agent,blocked_on_augmentation,neutral,metadata_only_until_prompt_exposed,short_case,Organization,,pending_gold_slice_validation,requires_fresh_generations,v1,2026-04-22
morebench,morebench_public,morebench_public__0388,388,daily_dilemmas,short_case,ai_advisor,Right & Duty & Justice,neutral,ai_advisor,blocked_on_augmentation,neutral,metadata_only_until_prompt_exposed,short_case,Right & Duty & Justice,,pending_gold_slice_validation,requires_fresh_generations,v1,2026-04-22
morebench,morebench_public,morebench_public__0389,389,ai_risk_dilemmas,long_case,ai_agent,Science & Techonology,neutral,ai_agent,blocked_on_augmentation,neutral,metadata_only_until_prompt_exposed,long_case,Science & Techonology,,pending_gold_slice_validation,requires_fresh_generations,v1,2026-04-22
morebench,morebench_public,morebench_public__0390,390,expert_written_literature,expert_case,ai_advisor,Professional Ethics,neutral,ai_advisor,blocked_on_augmentation,neutral,metadata_only_until_prompt_exposed,expert_case,Professional Ethics,,pending_gold_slice_validation,requires_fresh_generations,v1,2026-04-22
morebench,morebench_public,morebench_public__0391,391,expert_written_ethic_bowl,expert_case,ai_advisor,Media & Journalism,neutral,ai_advisor,blocked_on_augmentation,neutral,metadata_only_until_prompt_exposed,expert_case,Media & Journalism,,pending_gold_slice_validation,requires_fresh_generations,v1,2026-04-22
morebench,morebench_public,morebench_public__0392,392,daily_dilemmas,short_case,ai_advisor,Religion,neutral,ai_advisor,blocked_on_augmentation,neutral,metadata_only_until_prompt_exposed,short_case,Religion,,pending_gold_slice_validation,requires_fresh_generations,v1,2026-04-22
morebench,morebench_public,morebench_public__0393,393,expert_written_literature,expert_case,ai_advisor,Professional Ethics,neutral,ai_advisor,blocked_on_augmentation,neutral,metadata_only_until_prompt_exposed,expert_case,Professional Ethics,,pending_gold_slice_validation,requires_fresh_generations,v1,2026-04-22
morebench,morebench_public,morebench_public__0394,394,daily_dilemmas,short_case,ai_advisor,Interpersonal relationship,neutral,ai_advisor,blocked_on_augmentation,neutral,metadata_only_until_prompt_exposed,short_case,Interpersonal relationship,,pending_gold_slice_validation,requires_fresh_generations,v1,2026-04-22
morebench,morebench_public,morebench_public__0395,395,ai_risk_dilemmas,short_case,ai_agent,Bioethics & Healthcare,neutral,ai_agent,blocked_on_augmentation,neutral,metadata_only_until_prompt_exposed,short_case,Bioethics & Healthcare,,pending_gold_slice_validation,requires_fresh_generations,v1,2026-04-22
morebench,morebench_public,morebench_public__0396,396,expert_written_ethic_bowl,expert_case,ai_advisor,Animal & Environment,neutral,ai_advisor,blocked_on_augmentation,neutral,metadata_only_until_prompt_exposed,expert_case,Animal & Environment,,pending_gold_slice_validation,requires_fresh_generations,v1,2026-04-22
morebench,morebench_public,morebench_public__0397,397,expert_written_ethic_unwrapped,expert_case,ai_advisor,Media & Journalism,neutral,ai_advisor,blocked_on_augmentation,neutral,metadata_only_until_prompt_exposed,expert_case,Media & Journalism,,pending_gold_slice_validation,requires_fresh_generations,v1,2026-04-22
morebench,morebench_public,morebench_public__0398,398,ai_risk_dilemmas,long_case,ai_agent,Organization,neutral,ai_agent,blocked_on_augmentation,neutral,metadata_only_until_prompt_exposed,long_case,Organization,,pending_gold_slice_validation,requires_fresh_generations,v1,2026-04-22
morebench,morebench_public,morebench_public__0399,399,ai_risk_dilemmas,long_case,ai_agent,Science & Techonology,neutral,ai_agent,blocked_on_augmentation,neutral,metadata_only_until_prompt_exposed,long_case,Science & Techonology,,pending_gold_slice_validation,requires_fresh_generations,v1,2026-04-22
morebench,morebench_public,morebench_public__0400,400,ai_risk_dilemmas,long_case,ai_agent,Education,neutral,ai_agent,blocked_on_augmentation,neutral,metadata_only_until_prompt_exposed,long_case,Education,,pending_gold_slice_validation,requires_fresh_generations,v1,2026-04-22
morebench,morebench_public,morebench_public__0401,401,ai_risk_dilemmas,long_case,ai_agent,Business & Workplace,neutral,ai_agent,blocked_on_augmentation,neutral,metadata_only_until_prompt_exposed,long_case,Business & Workplace,,pending_gold_slice_validation,requires_fresh_generations,v1,2026-04-22
morebench,morebench_public,morebench_public__0402,402,ai_risk_dilemmas,long_case,ai_agent,Bioethics & Healthcare,neutral,ai_agent,blocked_on_augmentation,neutral,metadata_only_until_prompt_exposed,long_case,Bioethics & Healthcare,,pending_gold_slice_validation,requires_fresh_generations,v1,2026-04-22
morebench,morebench_public,morebench_public__0403,403,daily_dilemmas,long_case,ai_advisor,Professional Ethics,neutral,ai_advisor,blocked_on_augmentation,neutral,metadata_only_until_prompt_exposed,long_case,Professional Ethics,,pending_gold_slice_validation,requires_fresh_generations,v1,2026-04-22
morebench,morebench_public,morebench_public__0404,404,ai_risk_dilemmas,short_case,ai_agent,Science & Techonology,neutral,ai_agent,blocked_on_augmentation,neutral,metadata_only_until_prompt_exposed,short_case,Science & Techonology,,pending_gold_slice_validation,requires_fresh_generations,v1,2026-04-22
morebench,morebench_public,morebench_public__0405,405,daily_dilemmas,long_case,ai_advisor,Interpersonal relationship,neutral,ai_advisor,blocked_on_augmentation,neutral,metadata_only_until_prompt_exposed,long_case,Interpersonal relationship,,pending_gold_slice_validation,requires_fresh_generations,v1,2026-04-22
morebench,morebench_public,morebench_public__0406,406,daily_dilemmas,short_case,ai_advisor,Interpersonal relationship,neutral,ai_advisor,blocked_on_augmentation,neutral,metadata_only_until_prompt_exposed,short_case,Interpersonal relationship,,pending_gold_slice_validation,requires_fresh_generations,v1,2026-04-22
morebench,morebench_public,morebench_public__0407,407,expert_written_ethic_unwrapped,expert_case,ai_advisor,Art & Culture,neutral,ai_advisor,blocked_on_augmentation,neutral,metadata_only_until_prompt_exposed,expert_case,Art & Culture,,pending_gold_slice_validation,requires_fresh_generations,v1,2026-04-22
morebench,morebench_public,morebench_public__0408,408,daily_dilemmas,long_case,ai_advisor,Interpersonal relationship,neutral,ai_advisor,blocked_on_augmentation,neutral,metadata_only_until_prompt_exposed,long_case,Interpersonal relationship,,pending_gold_slice_validation,requires_fresh_generations,v1,2026-04-22
morebench,morebench_public,morebench_public__0409,409,expert_written_literature,expert_case,ai_advisor,Organization,neutral,ai_advisor,blocked_on_augmentation,neutral,metadata_only_until_prompt_exposed,expert_case,Organization,,pending_gold_slice_validation,requires_fresh_generations,v1,2026-04-22
morebench,morebench_public,morebench_public__0410,410,ai_risk_dilemmas,long_case,ai_agent,Business & Workplace,neutral,ai_agent,blocked_on_augmentation,neutral,metadata_only_until_prompt_exposed,long_case,Business & Workplace,,pending_gold_slice_validation,requires_fresh_generations,v1,2026-04-22
morebench,morebench_public,morebench_public__0411,411,expert_written_ethic_bowl,expert_case,ai_advisor,Bioethics & Healthcare,neutral,ai_advisor,blocked_on_augmentation,neutral,metadata_only_until_prompt_exposed,expert_case,Bioethics & Healthcare,,pending_gold_slice_validation,requires_fresh_generations,v1,2026-04-22
morebench,morebench_public,morebench_public__0412,412,expert_written_literature,expert_case,ai_advisor,Professional Ethics,neutral,ai_advisor,blocked_on_augmentation,neutral,metadata_only_until_prompt_exposed,expert_case,Professional Ethics,,pending_gold_slice_validation,requires_fresh_generations,v1,2026-04-22
morebench,morebench_public,morebench_public__0413,413,ai_risk_dilemmas,short_case,ai_agent,Science & Techonology,neutral,ai_agent,blocked_on_augmentation,neutral,metadata_only_until_prompt_exposed,short_case,Science & Techonology,,pending_gold_slice_validation,requires_fresh_generations,v1,2026-04-22
morebench,morebench_public,morebench_public__0414,414,ai_risk_dilemmas,long_case,ai_agent,Science & Techonology,neutral,ai_agent,blocked_on_augmentation,neutral,metadata_only_until_prompt_exposed,long_case,Science & Techonology,,pending_gold_slice_validation,requires_fresh_generations,v1,2026-04-22
morebench,morebench_public,morebench_public__0415,415,expert_written_ethic_bowl,expert_case,ai_advisor,Art & Culture,neutral,ai_advisor,blocked_on_augmentation,neutral,metadata_only_until_prompt_exposed,expert_case,Art & Culture,,pending_gold_slice_validation,requires_fresh_generations,v1,2026-04-22
morebench,morebench_public,morebench_public__0416,416,expert_written_ethic_bowl,expert_case,ai_advisor,Bioethics & Healthcare,neutral,ai_advisor,blocked_on_augmentation,neutral,metadata_only_until_prompt_exposed,expert_case,Bioethics & Healthcare,,pending_gold_slice_validation,requires_fresh_generations,v1,2026-04-22
morebench,morebench_public,morebench_public__0417,417,expert_written_ethic_bowl,expert_case,ai_advisor,Education,neutral,ai_advisor,blocked_on_augmentation,neutral,metadata_only_until_prompt_exposed,expert_case,Education,,pending_gold_slice_validation,requires_fresh_generations,v1,2026-04-22
morebench,morebench_public,morebench_public__0418,418,ai_risk_dilemmas,short_case,ai_agent,Animal & Environment,neutral,ai_agent,blocked_on_augmentation,neutral,metadata_only_until_prompt_exposed,short_case,Animal & Environment,,pending_gold_slice_validation,requires_fresh_generations,v1,2026-04-22
morebench,morebench_public,morebench_public__0419,419,ai_risk_dilemmas,short_case,ai_agent,Science & Techonology,neutral,ai_agent,blocked_on_augmentation,neutral,metadata_only_until_prompt_exposed,short_case,Science & Techonology,,pending_gold_slice_validation,requires_fresh_generations,v1,2026-04-22
morebench,morebench_public,morebench_public__0420,420,ai_risk_dilemmas,long_case,ai_agent,Organization,neutral,ai_agent,blocked_on_augmentation,neutral,metadata_only_until_prompt_exposed,long_case,Organization,,pending_gold_slice_validation,requires_fresh_generations,v1,2026-04-22
morebench,morebench_public,morebench_public__0421,421,daily_dilemmas,short_case,ai_advisor,Education,neutral,ai_advisor,blocked_on_augmentation,neutral,metadata_only_until_prompt_exposed,short_case,Education,,pending_gold_slice_validation,requires_fresh_generations,v1,2026-04-22
morebench,morebench_public,morebench_public__0422,422,daily_dilemmas,long_case,ai_advisor,Professional Ethics,neutral,ai_advisor,blocked_on_augmentation,neutral,metadata_only_until_prompt_exposed,long_case,Professional Ethics,,pending_gold_slice_validation,requires_fresh_generations,v1,2026-04-22
morebench,morebench_public,morebench_public__0423,423,daily_dilemmas,long_case,ai_advisor,Interpersonal relationship,neutral,ai_advisor,blocked_on_augmentation,neutral,metadata_only_until_prompt_exposed,long_case,Interpersonal relationship,,pending_gold_slice_validation,requires_fresh_generations,v1,2026-04-22
morebench,morebench_public,morebench_public__0424,424,ai_risk_dilemmas,long_case,ai_agent,Transport,neutral,ai_agent,blocked_on_augmentation,neutral,metadata_only_until_prompt_exposed,long_case,Transport,,pending_gold_slice_validation,requires_fresh_generations,v1,2026-04-22
morebench,morebench_public,morebench_public__0425,425,expert_written_ethic_bowl,expert_case,ai_advisor,Animal & Environment,neutral,ai_advisor,blocked_on_augmentation,neutral,metadata_only_until_prompt_exposed,expert_case,Animal & Environment,,pending_gold_slice_validation,requires_fresh_generations,v1,2026-04-22
morebench,morebench_public,morebench_public__0426,426,ai_risk_dilemmas,short_case,ai_agent,Science & Techonology,neutral,ai_agent,blocked_on_augmentation,neutral,metadata_only_until_prompt_exposed,short_case,Science & Techonology,,pending_gold_slice_validation,requires_fresh_generations,v1,2026-04-22
morebench,morebench_public,morebench_public__0427,427,daily_dilemmas,short_case,ai_advisor,Interpersonal relationship,neutral,ai_advisor,blocked_on_augmentation,neutral,metadata_only_until_prompt_exposed,short_case,Interpersonal relationship,,pending_gold_slice_validation,requires_fresh_generations,v1,2026-04-22
morebench,morebench_public,morebench_public__0428,428,daily_dilemmas,short_case,ai_advisor,Interpersonal relationship,neutral,ai_advisor,blocked_on_augmentation,neutral,metadata_only_until_prompt_exposed,short_case,Interpersonal relationship,,pending_gold_slice_validation,requires_fresh_generations,v1,2026-04-22
morebench,morebench_public,morebench_public__0429,429,ai_risk_dilemmas,short_case,ai_agent,Entertainment,neutral,ai_agent,blocked_on_augmentation,neutral,metadata_only_until_prompt_exposed,short_case,Entertainment,,pending_gold_slice_validation,requires_fresh_generations,v1,2026-04-22
morebench,morebench_public,morebench_public__0430,430,ai_risk_dilemmas,short_case,ai_agent,Animal & Environment,neutral,ai_agent,blocked_on_augmentation,neutral,metadata_only_until_prompt_exposed,short_case,Animal & Environment,,pending_gold_slice_validation,requires_fresh_generations,v1,2026-04-22
morebench,morebench_public,morebench_public__0431,431,ai_risk_dilemmas,long_case,ai_agent,Entertainment,neutral,ai_agent,blocked_on_augmentation,neutral,metadata_only_until_prompt_exposed,long_case,Entertainment,,pending_gold_slice_validation,requires_fresh_generations,v1,2026-04-22
morebench,morebench_public,morebench_public__0432,432,ai_risk_dilemmas,short_case,ai_agent,Bioethics & Healthcare,neutral,ai_agent,blocked_on_augmentation,neutral,metadata_only_until_prompt_exposed,short_case,Bioethics & Healthcare,,pending_gold_slice_validation,requires_fresh_generations,v1,2026-04-22
morebench,morebench_public,morebench_public__0433,433,daily_dilemmas,long_case,ai_advisor,Right & Duty & Justice,neutral,ai_advisor,blocked_on_augmentation,neutral,metadata_only_until_prompt_exposed,long_case,Right & Duty & Justice,,pending_gold_slice_validation,requires_fresh_generations,v1,2026-04-22
morebench,morebench_public,morebench_public__0434,434,ai_risk_dilemmas,short_case,ai_agent,Education,neutral,ai_agent,blocked_on_augmentation,neutral,metadata_only_until_prompt_exposed,short_case,Education,,pending_gold_slice_validation,requires_fresh_generations,v1,2026-04-22
morebench,morebench_public,morebench_public__0435,435,daily_dilemmas,long_case,ai_advisor,Business & Workplace,neutral,ai_advisor,blocked_on_augmentation,neutral,metadata_only_until_prompt_exposed,long_case,Business & Workplace,,pending_gold_slice_validation,requires_fresh_generations,v1,2026-04-22
morebench,morebench_public,morebench_public__0436,436,expert_written_ethic_bowl,expert_case,ai_advisor,Bioethics & Healthcare,neutral,ai_advisor,blocked_on_augmentation,neutral,metadata_only_until_prompt_exposed,expert_case,Bioethics & Healthcare,,pending_gold_slice_validation,requires_fresh_generations,v1,2026-04-22
morebench,morebench_public,morebench_public__0437,437,ai_risk_dilemmas,short_case,ai_agent,Transport,neutral,ai_agent,blocked_on_augmentation,neutral,metadata_only_until_prompt_exposed,short_case,Transport,,pending_gold_slice_validation,requires_fresh_generations,v1,2026-04-22
morebench,morebench_public,morebench_public__0438,438,daily_dilemmas,short_case,ai_advisor,Interpersonal relationship,neutral,ai_advisor,blocked_on_augmentation,neutral,metadata_only_until_prompt_exposed,short_case,Interpersonal relationship,,pending_gold_slice_validation,requires_fresh_generations,v1,2026-04-22
morebench,morebench_public,morebench_public__0439,439,daily_dilemmas,short_case,ai_advisor,Interpersonal relationship,neutral,ai_advisor,blocked_on_augmentation,neutral,metadata_only_until_prompt_exposed,short_case,Interpersonal relationship,,pending_gold_slice_validation,requires_fresh_generations,v1,2026-04-22
morebench,morebench_public,morebench_public__0440,440,daily_dilemmas,long_case,ai_advisor,Professional Ethics,neutral,ai_advisor,blocked_on_augmentation,neutral,metadata_only_until_prompt_exposed,long_case,Professional Ethics,,pending_gold_slice_validation,requires_fresh_generations,v1,2026-04-22
morebench,morebench_public,morebench_public__0441,441,expert_written_collab,expert_case,ai_agent,Education,neutral,ai_agent,blocked_on_augmentation,neutral,metadata_only_until_prompt_exposed,expert_case,Education,,pending_gold_slice_validation,requires_fresh_generations,v1,2026-04-22
morebench,morebench_public,morebench_public__0442,442,expert_written_ethic_unwrapped,expert_case,ai_advisor,Sports,neutral,ai_advisor,blocked_on_augmentation,neutral,metadata_only_until_prompt_exposed,expert_case,Sports,,pending_gold_slice_validation,requires_fresh_generations,v1,2026-04-22
morebench,morebench_public,morebench_public__0443,443,expert_written_ethic_bowl,expert_case,ai_advisor,Science & Techonology,neutral,ai_advisor,blocked_on_augmentation,neutral,metadata_only_until_prompt_exposed,expert_case,Science & Techonology,,pending_gold_slice_validation,requires_fresh_generations,v1,2026-04-22
morebench,morebench_public,morebench_public__0444,444,expert_written_ethic_bowl,expert_case,ai_advisor,Bioethics & Healthcare,neutral,ai_advisor,blocked_on_augmentation,neutral,metadata_only_until_prompt_exposed,expert_case,Bioethics & Healthcare,,pending_gold_slice_validation,requires_fresh_generations,v1,2026-04-22
morebench,morebench_public,morebench_public__0445,445,expert_written_ethic_bowl,expert_case,ai_advisor,Education,neutral,ai_advisor,blocked_on_augmentation,neutral,metadata_only_until_prompt_exposed,expert_case,Education,,pending_gold_slice_validation,requires_fresh_generations,v1,2026-04-22
morebench,morebench_public,morebench_public__0446,446,daily_dilemmas,short_case,ai_advisor,Interpersonal relationship,neutral,ai_advisor,blocked_on_augmentation,neutral,metadata_only_until_prompt_exposed,short_case,Interpersonal relationship,,pending_gold_slice_validation,requires_fresh_generations,v1,2026-04-22
morebench,morebench_public,morebench_public__0447,447,expert_written_ethic_bowl,expert_case,ai_advisor,Bioethics & Healthcare,neutral,ai_advisor,blocked_on_augmentation,neutral,metadata_only_until_prompt_exposed,expert_case,Bioethics & Healthcare,,pending_gold_slice_validation,requires_fresh_generations,v1,2026-04-22
morebench,morebench_public,morebench_public__0448,448,daily_dilemmas,short_case,ai_advisor,Interpersonal relationship,neutral,ai_advisor,blocked_on_augmentation,neutral,metadata_only_until_prompt_exposed,short_case,Interpersonal relationship,,pending_gold_slice_validation,requires_fresh_generations,v1,2026-04-22
morebench,morebench_public,morebench_public__0449,449,daily_dilemmas,long_case,ai_advisor,Business & Workplace,neutral,ai_advisor,blocked_on_augmentation,neutral,metadata_only_until_prompt_exposed,long_case,Business & Workplace,,pending_gold_slice_validation,requires_fresh_generations,v1,2026-04-22
morebench,morebench_public,morebench_public__0450,450,daily_dilemmas,short_case,ai_advisor,Interpersonal relationship,neutral,ai_advisor,blocked_on_augmentation,neutral,metadata_only_until_prompt_exposed,short_case,Interpersonal relationship,,pending_gold_slice_validation,requires_fresh_generations,v1,2026-04-22
morebench,morebench_public,morebench_public__0451,451,daily_dilemmas,long_case,ai_advisor,Interpersonal relationship,neutral,ai_advisor,blocked_on_augmentation,neutral,metadata_only_until_prompt_exposed,long_case,Interpersonal relationship,,pending_gold_slice_validation,requires_fresh_generations,v1,2026-04-22
morebench,morebench_public,morebench_public__0452,452,daily_dilemmas,long_case,ai_advisor,Education,neutral,ai_advisor,blocked_on_augmentation,neutral,metadata_only_until_prompt_exposed,long_case,Education,,pending_gold_slice_validation,requires_fresh_generations,v1,2026-04-22
morebench,morebench_public,morebench_public__0453,453,ai_risk_dilemmas,long_case,ai_agent,Science & Techonology,neutral,ai_agent,blocked_on_augmentation,neutral,metadata_only_until_prompt_exposed,long_case,Science & Techonology,,pending_gold_slice_validation,requires_fresh_generations,v1,2026-04-22
morebench,morebench_public,morebench_public__0454,454,ai_risk_dilemmas,long_case,ai_agent,Business & Workplace,neutral,ai_agent,blocked_on_augmentation,neutral,metadata_only_until_prompt_exposed,long_case,Business & Workplace,,pending_gold_slice_validation,requires_fresh_generations,v1,2026-04-22
morebench,morebench_public,morebench_public__0455,455,ai_risk_dilemmas,short_case,ai_agent,Transport,neutral,ai_agent,blocked_on_augmentation,neutral,metadata_only_until_prompt_exposed,short_case,Transport,,pending_gold_slice_validation,requires_fresh_generations,v1,2026-04-22
morebench,morebench_public,morebench_public__0456,456,expert_written_ethic_unwrapped,expert_case,ai_advisor,Animal & Environment,neutral,ai_advisor,blocked_on_augmentation,neutral,metadata_only_until_prompt_exposed,expert_case,Animal & Environment,,pending_gold_slice_validation,requires_fresh_generations,v1,2026-04-22
morebench,morebench_public,morebench_public__0457,457,ai_risk_dilemmas,short_case,ai_agent,Entertainment,neutral,ai_agent,blocked_on_augmentation,neutral,metadata_only_until_prompt_exposed,short_case,Entertainment,,pending_gold_slice_validation,requires_fresh_generations,v1,2026-04-22
morebench,morebench_public,morebench_public__0458,458,daily_dilemmas,short_case,ai_advisor,Education,neutral,ai_advisor,blocked_on_augmentation,neutral,metadata_only_until_prompt_exposed,short_case,Education,,pending_gold_slice_validation,requires_fresh_generations,v1,2026-04-22
morebench,morebench_public,morebench_public__0459,459,daily_dilemmas,long_case,ai_advisor,Interpersonal relationship,neutral,ai_advisor,blocked_on_augmentation,neutral,metadata_only_until_prompt_exposed,long_case,Interpersonal relationship,,pending_gold_slice_validation,requires_fresh_generations,v1,2026-04-22
morebench,morebench_public,morebench_public__0460,460,expert_written_ethic_bowl,expert_case,ai_advisor,Bioethics & Healthcare,neutral,ai_advisor,blocked_on_augmentation,neutral,metadata_only_until_prompt_exposed,expert_case,Bioethics & Healthcare,,pending_gold_slice_validation,requires_fresh_generations,v1,2026-04-22
morebench,morebench_public,morebench_public__0461,461,daily_dilemmas,short_case,ai_advisor,Education,neutral,ai_advisor,blocked_on_augmentation,neutral,metadata_only_until_prompt_exposed,short_case,Education,,pending_gold_slice_validation,requires_fresh_generations,v1,2026-04-22
morebench,morebench_public,morebench_public__0462,462,ai_risk_dilemmas,short_case,ai_agent,Science & Techonology,neutral,ai_agent,blocked_on_augmentation,neutral,metadata_only_until_prompt_exposed,short_case,Science & Techonology,,pending_gold_slice_validation,requires_fresh_generations,v1,2026-04-22
morebench,morebench_public,morebench_public__0463,463,daily_dilemmas,short_case,ai_advisor,Business & Workplace,neutral,ai_advisor,blocked_on_augmentation,neutral,metadata_only_until_prompt_exposed,short_case,Business & Workplace,,pending_gold_slice_validation,requires_fresh_generations,v1,2026-04-22
morebench,morebench_public,morebench_public__0464,464,ai_risk_dilemmas,short_case,ai_agent,Bioethics & Healthcare,neutral,ai_agent,blocked_on_augmentation,neutral,metadata_only_until_prompt_exposed,short_case,Bioethics & Healthcare,,pending_gold_slice_validation,requires_fresh_generations,v1,2026-04-22
morebench,morebench_public,morebench_public__0465,465,ai_risk_dilemmas,long_case,ai_agent,Entertainment,neutral,ai_agent,blocked_on_augmentation,neutral,metadata_only_until_prompt_exposed,long_case,Entertainment,,pending_gold_slice_validation,requires_fresh_generations,v1,2026-04-22
morebench,morebench_public,morebench_public__0466,466,daily_dilemmas,long_case,ai_advisor,Business & Workplace,neutral,ai_advisor,blocked_on_augmentation,neutral,metadata_only_until_prompt_exposed,long_case,Business & Workplace,,pending_gold_slice_validation,requires_fresh_generations,v1,2026-04-22
morebench,morebench_public,morebench_public__0467,467,ai_risk_dilemmas,long_case,ai_agent,Business & Workplace,neutral,ai_agent,blocked_on_augmentation,neutral,metadata_only_until_prompt_exposed,long_case,Business & Workplace,,pending_gold_slice_validation,requires_fresh_generations,v1,2026-04-22
morebench,morebench_public,morebench_public__0468,468,ai_risk_dilemmas,short_case,ai_agent,Science & Techonology,neutral,ai_agent,blocked_on_augmentation,neutral,metadata_only_until_prompt_exposed,short_case,Science & Techonology,,pending_gold_slice_validation,requires_fresh_generations,v1,2026-04-22
morebench,morebench_public,morebench_public__0469,469,ai_risk_dilemmas,short_case,ai_agent,Transport,neutral,ai_agent,blocked_on_augmentation,neutral,metadata_only_until_prompt_exposed,short_case,Transport,,pending_gold_slice_validation,requires_fresh_generations,v1,2026-04-22
morebench,morebench_public,morebench_public__0470,470,daily_dilemmas,short_case,ai_advisor,Education,neutral,ai_advisor,blocked_on_augmentation,neutral,metadata_only_until_prompt_exposed,short_case,Education,,pending_gold_slice_validation,requires_fresh_generations,v1,2026-04-22
morebench,morebench_public,morebench_public__0471,471,daily_dilemmas,long_case,ai_advisor,Professional Ethics,neutral,ai_advisor,blocked_on_augmentation,neutral,metadata_only_until_prompt_exposed,long_case,Professional Ethics,,pending_gold_slice_validation,requires_fresh_generations,v1,2026-04-22
morebench,morebench_public,morebench_public__0472,472,daily_dilemmas,short_case,ai_advisor,Interpersonal relationship,neutral,ai_advisor,blocked_on_augmentation,neutral,metadata_only_until_prompt_exposed,short_case,Interpersonal relationship,,pending_gold_slice_validation,requires_fresh_generations,v1,2026-04-22
morebench,morebench_public,morebench_public__0473,473,daily_dilemmas,long_case,ai_advisor,Interpersonal relationship,neutral,ai_advisor,blocked_on_augmentation,neutral,metadata_only_until_prompt_exposed,long_case,Interpersonal relationship,,pending_gold_slice_validation,requires_fresh_generations,v1,2026-04-22
morebench,morebench_public,morebench_public__0474,474,daily_dilemmas,long_case,ai_advisor,Right & Duty & Justice,neutral,ai_advisor,blocked_on_augmentation,neutral,metadata_only_until_prompt_exposed,long_case,Right & Duty & Justice,,pending_gold_slice_validation,requires_fresh_generations,v1,2026-04-22
morebench,morebench_public,morebench_public__0475,475,daily_dilemmas,long_case,ai_advisor,Right & Duty & Justice,neutral,ai_advisor,blocked_on_augmentation,neutral,metadata_only_until_prompt_exposed,long_case,Right & Duty & Justice,,pending_gold_slice_validation,requires_fresh_generations,v1,2026-04-22
morebench,morebench_public,morebench_public__0476,476,ai_risk_dilemmas,short_case,ai_agent,Animal & Environment,neutral,ai_agent,blocked_on_augmentation,neutral,metadata_only_until_prompt_exposed,short_case,Animal & Environment,,pending_gold_slice_validation,requires_fresh_generations,v1,2026-04-22
morebench,morebench_public,morebench_public__0477,477,daily_dilemmas,long_case,ai_advisor,Right & Duty & Justice,neutral,ai_advisor,blocked_on_augmentation,neutral,metadata_only_until_prompt_exposed,long_case,Right & Duty & Justice,,pending_gold_slice_validation,requires_fresh_generations,v1,2026-04-22
morebench,morebench_public,morebench_public__0478,478,ai_risk_dilemmas,short_case,ai_agent,Entertainment,neutral,ai_agent,blocked_on_augmentation,neutral,metadata_only_until_prompt_exposed,short_case,Entertainment,,pending_gold_slice_validation,requires_fresh_generations,v1,2026-04-22
morebench,morebench_public,morebench_public__0479,479,ai_risk_dilemmas,short_case,ai_agent,Bioethics & Healthcare,neutral,ai_agent,blocked_on_augmentation,neutral,metadata_only_until_prompt_exposed,short_case,Bioethics & Healthcare,,pending_gold_slice_validation,requires_fresh_generations,v1,2026-04-22
morebench,morebench_public,morebench_public__0480,480,daily_dilemmas,short_case,ai_advisor,Professional Ethics,neutral,ai_advisor,blocked_on_augmentation,neutral,metadata_only_until_prompt_exposed,short_case,Professional Ethics,,pending_gold_slice_validation,requires_fresh_generations,v1,2026-04-22
morebench,morebench_public,morebench_public__0481,481,ai_risk_dilemmas,short_case,ai_agent,Business & Workplace,neutral,ai_agent,blocked_on_augmentation,neutral,metadata_only_until_prompt_exposed,short_case,Business & Workplace,,pending_gold_slice_validation,requires_fresh_generations,v1,2026-04-22
morebench,morebench_public,morebench_public__0482,482,ai_risk_dilemmas,long_case,ai_agent,Science & Techonology,neutral,ai_agent,blocked_on_augmentation,neutral,metadata_only_until_prompt_exposed,long_case,Science & Techonology,,pending_gold_slice_validation,requires_fresh_generations,v1,2026-04-22
morebench,morebench_public,morebench_public__0483,483,ai_risk_dilemmas,short_case,ai_agent,Science & Techonology,neutral,ai_agent,blocked_on_augmentation,neutral,metadata_only_until_prompt_exposed,short_case,Science & Techonology,,pending_gold_slice_validation,requires_fresh_generations,v1,2026-04-22
morebench,morebench_public,morebench_public__0484,484,ai_risk_dilemmas,short_case,ai_agent,Science & Techonology,neutral,ai_agent,blocked_on_augmentation,neutral,metadata_only_until_prompt_exposed,short_case,Science & Techonology,,pending_gold_slice_validation,requires_fresh_generations,v1,2026-04-22
morebench,morebench_public,morebench_public__0485,485,daily_dilemmas,short_case,ai_advisor,Right & Duty & Justice,neutral,ai_advisor,blocked_on_augmentation,neutral,metadata_only_until_prompt_exposed,short_case,Right & Duty & Justice,,pending_gold_slice_validation,requires_fresh_generations,v1,2026-04-22
morebench,morebench_public,morebench_public__0486,486,daily_dilemmas,short_case,ai_advisor,Business & Workplace,neutral,ai_advisor,blocked_on_augmentation,neutral,metadata_only_until_prompt_exposed,short_case,Business & Workplace,,pending_gold_slice_validation,requires_fresh_generations,v1,2026-04-22
morebench,morebench_public,morebench_public__0487,487,ai_risk_dilemmas,long_case,ai_agent,Entertainment,neutral,ai_agent,blocked_on_augmentation,neutral,metadata_only_until_prompt_exposed,long_case,Entertainment,,pending_gold_slice_validation,requires_fresh_generations,v1,2026-04-22
morebench,morebench_public,morebench_public__0488,488,daily_dilemmas,short_case,ai_advisor,Religion,neutral,ai_advisor,blocked_on_augmentation,neutral,metadata_only_until_prompt_exposed,short_case,Religion,,pending_gold_slice_validation,requires_fresh_generations,v1,2026-04-22
morebench,morebench_public,morebench_public__0489,489,daily_dilemmas,short_case,ai_advisor,Business & Workplace,neutral,ai_advisor,blocked_on_augmentation,neutral,metadata_only_until_prompt_exposed,short_case,Business & Workplace,,pending_gold_slice_validation,requires_fresh_generations,v1,2026-04-22
morebench,morebench_public,morebench_public__0490,490,ai_risk_dilemmas,long_case,ai_agent,Bioethics & Healthcare,neutral,ai_agent,blocked_on_augmentation,neutral,metadata_only_until_prompt_exposed,long_case,Bioethics & Healthcare,,pending_gold_slice_validation,requires_fresh_generations,v1,2026-04-22
morebench,morebench_public,morebench_public__0491,491,ai_risk_dilemmas,long_case,ai_agent,Science & Techonology,neutral,ai_agent,blocked_on_augmentation,neutral,metadata_only_until_prompt_exposed,long_case,Science & Techonology,,pending_gold_slice_validation,requires_fresh_generations,v1,2026-04-22
morebench,morebench_public,morebench_public__0492,492,ai_risk_dilemmas,long_case,ai_agent,Animal & Environment,neutral,ai_agent,blocked_on_augmentation,neutral,metadata_only_until_prompt_exposed,long_case,Animal & Environment,,pending_gold_slice_validation,requires_fresh_generations,v1,2026-04-22
morebench,morebench_public,morebench_public__0493,493,ai_risk_dilemmas,long_case,ai_agent,Animal & Environment,neutral,ai_agent,blocked_on_augmentation,neutral,metadata_only_until_prompt_exposed,long_case,Animal & Environment,,pending_gold_slice_validation,requires_fresh_generations,v1,2026-04-22
morebench,morebench_public,morebench_public__0494,494,ai_risk_dilemmas,long_case,ai_agent,Education,neutral,ai_agent,blocked_on_augmentation,neutral,metadata_only_until_prompt_exposed,long_case,Education,,pending_gold_slice_validation,requires_fresh_generations,v1,2026-04-22
morebench,morebench_public,morebench_public__0495,495,ai_risk_dilemmas,long_case,ai_agent,Education,neutral,ai_agent,blocked_on_augmentation,neutral,metadata_only_until_prompt_exposed,long_case,Education,,pending_gold_slice_validation,requires_fresh_generations,v1,2026-04-22
morebench,morebench_public,morebench_public__0496,496,ai_risk_dilemmas,long_case,ai_agent,Science & Techonology,neutral,ai_agent,blocked_on_augmentation,neutral,metadata_only_until_prompt_exposed,long_case,Science & Techonology,,pending_gold_slice_validation,requires_fresh_generations,v1,2026-04-22
morebench,morebench_public,morebench_public__0497,497,ai_risk_dilemmas,long_case,ai_agent,Organization,neutral,ai_agent,blocked_on_augmentation,neutral,metadata_only_until_prompt_exposed,long_case,Organization,,pending_gold_slice_validation,requires_fresh_generations,v1,2026-04-22
morebench,morebench_public,morebench_public__0498,498,ai_risk_dilemmas,long_case,ai_agent,Science & Techonology,neutral,ai_agent,blocked_on_augmentation,neutral,metadata_only_until_prompt_exposed,long_case,Science & Techonology,,pending_gold_slice_validation,requires_fresh_generations,v1,2026-04-22
morebench,morebench_public,morebench_public__0499,499,ai_risk_dilemmas,long_case,ai_agent,Education,neutral,ai_agent,blocked_on_augmentation,neutral,metadata_only_until_prompt_exposed,long_case,Education,,pending_gold_slice_validation,requires_fresh_generations,v1,2026-04-22
morebench,morebench_theory,morebench_theory__0000,0,expert_written_collab,expert_case,ai_agent,Professional Ethics,Scanlonian Contractualism,ai_agent,blocked_on_augmentation,Scanlonian Contractualism,metadata_only_until_prompt_exposed,expert_case,Professional Ethics,,pending_gold_slice_validation,requires_fresh_generations,v1,2026-04-22
morebench,morebench_theory,morebench_theory__0001,1,daily_dilemmas,long_case,ai_advisor,Interpersonal relationship,Gauthierian Contractarianism,ai_advisor,blocked_on_augmentation,Gauthierian Contractarianism,metadata_only_until_prompt_exposed,long_case,Interpersonal relationship,,pending_gold_slice_validation,requires_fresh_generations,v1,2026-04-22
morebench,morebench_theory,morebench_theory__0002,2,expert_written_collab,expert_case,ai_agent,Others,Scanlonian Contractualism,ai_agent,blocked_on_augmentation,Scanlonian Contractualism,metadata_only_until_prompt_exposed,expert_case,Others,,pending_gold_slice_validation,requires_fresh_generations,v1,2026-04-22
morebench,morebench_theory,morebench_theory__0003,3,daily_dilemmas,long_case,ai_advisor,Interpersonal relationship,Act Utilitarianism,ai_advisor,blocked_on_augmentation,Act Utilitarianism,metadata_only_until_prompt_exposed,long_case,Interpersonal relationship,,pending_gold_slice_validation,requires_fresh_generations,v1,2026-04-22
morebench,morebench_theory,morebench_theory__0004,4,daily_dilemmas,long_case,ai_advisor,Interpersonal relationship,Act Utilitarianism,ai_advisor,blocked_on_augmentation,Act Utilitarianism,metadata_only_until_prompt_exposed,long_case,Interpersonal relationship,,pending_gold_slice_validation,requires_fresh_generations,v1,2026-04-22
morebench,morebench_theory,morebench_theory__0005,5,expert_written_collab,expert_case,ai_agent,Right & Duty & Justice,Gauthierian Contractarianism,ai_agent,blocked_on_augmentation,Gauthierian Contractarianism,metadata_only_until_prompt_exposed,expert_case,Right & Duty & Justice,,pending_gold_slice_validation,requires_fresh_generations,v1,2026-04-22
morebench,morebench_theory,morebench_theory__0006,6,daily_dilemmas,long_case,ai_advisor,Professional Ethics,Scanlonian Contractualism,ai_advisor,blocked_on_augmentation,Scanlonian Contractualism,metadata_only_until_prompt_exposed,long_case,Professional Ethics,,pending_gold_slice_validation,requires_fresh_generations,v1,2026-04-22
morebench,morebench_theory,morebench_theory__0007,7,expert_written_collab,expert_case,ai_agent,Right & Duty & Justice,Aristotelian Virtue Ethics,ai_agent,blocked_on_augmentation,Aristotelian Virtue Ethics,metadata_only_until_prompt_exposed,expert_case,Right & Duty & Justice,,pending_gold_slice_validation,requires_fresh_generations,v1,2026-04-22
morebench,morebench_theory,morebench_theory__0008,8,expert_written_collab,expert_case,ai_agent,Others,Aristotelian Virtue Ethics,ai_agent,blocked_on_augmentation,Aristotelian Virtue Ethics,metadata_only_until_prompt_exposed,expert_case,Others,,pending_gold_slice_validation,requires_fresh_generations,v1,2026-04-22
morebench,morebench_theory,morebench_theory__0009,9,ai_risk_dilemmas,long_case,ai_agent,Entertainment,Act Utilitarianism,ai_agent,blocked_on_augmentation,Act Utilitarianism,metadata_only_until_prompt_exposed,long_case,Entertainment,,pending_gold_slice_validation,requires_fresh_generations,v1,2026-04-22
morebench,morebench_theory,morebench_theory__0010,10,ai_risk_dilemmas,long_case,ai_agent,Education,Gauthierian Contractarianism,ai_agent,blocked_on_augmentation,Gauthierian Contractarianism,metadata_only_until_prompt_exposed,long_case,Education,,pending_gold_slice_validation,requires_fresh_generations,v1,2026-04-22
morebench,morebench_theory,morebench_theory__0011,11,daily_dilemmas,long_case,ai_advisor,Interpersonal relationship,Aristotelian Virtue Ethics,ai_advisor,blocked_on_augmentation,Aristotelian Virtue Ethics,metadata_only_until_prompt_exposed,long_case,Interpersonal relationship,,pending_gold_slice_validation,requires_fresh_generations,v1,2026-04-22
morebench,morebench_theory,morebench_theory__0012,12,expert_written_collab,expert_case,ai_agent,Professional Ethics,Aristotelian Virtue Ethics,ai_agent,blocked_on_augmentation,Aristotelian Virtue Ethics,metadata_only_until_prompt_exposed,expert_case,Professional Ethics,,pending_gold_slice_validation,requires_fresh_generations,v1,2026-04-22
morebench,morebench_theory,morebench_theory__0013,13,daily_dilemmas,long_case,ai_advisor,Right & Duty & Justice,Act Utilitarianism,ai_advisor,blocked_on_augmentation,Act Utilitarianism,metadata_only_until_prompt_exposed,long_case,Right & Duty & Justice,,pending_gold_slice_validation,requires_fresh_generations,v1,2026-04-22
morebench,morebench_theory,morebench_theory__0014,14,daily_dilemmas,long_case,ai_advisor,Interpersonal relationship,Scanlonian Contractualism,ai_advisor,blocked_on_augmentation,Scanlonian Contractualism,metadata_only_until_prompt_exposed,long_case,Interpersonal relationship,,pending_gold_slice_validation,requires_fresh_generations,v1,2026-04-22
morebench,morebench_theory,morebench_theory__0015,15,ai_risk_dilemmas,long_case,ai_agent,Bioethics & Healthcare,Kantian Deontology,ai_agent,blocked_on_augmentation,Kantian Deontology,metadata_only_until_prompt_exposed,long_case,Bioethics & Healthcare,,pending_gold_slice_validation,requires_fresh_generations,v1,2026-04-22
morebench,morebench_theory,morebench_theory__0016,16,daily_dilemmas,long_case,ai_advisor,Right & Duty & Justice,Scanlonian Contractualism,ai_advisor,blocked_on_augmentation,Scanlonian Contractualism,metadata_only_until_prompt_exposed,long_case,Right & Duty & Justice,,pending_gold_slice_validation,requires_fresh_generations,v1,2026-04-22
morebench,morebench_theory,morebench_theory__0017,17,expert_written_collab,expert_case,ai_agent,Animal & Environment,Kantian Deontology,ai_agent,blocked_on_augmentation,Kantian Deontology,metadata_only_until_prompt_exposed,expert_case,Animal & Environment,,pending_gold_slice_validation,requires_fresh_generations,v1,2026-04-22
morebench,morebench_theory,morebench_theory__0018,18,daily_dilemmas,long_case,ai_advisor,Interpersonal relationship,Act Utilitarianism,ai_advisor,blocked_on_augmentation,Act Utilitarianism,metadata_only_until_prompt_exposed,long_case,Interpersonal relationship,,pending_gold_slice_validation,requires_fresh_generations,v1,2026-04-22
morebench,morebench_theory,morebench_theory__0019,19,expert_written_collab,expert_case,ai_agent,Business & Workplace,Scanlonian Contractualism,ai_agent,blocked_on_augmentation,Scanlonian Contractualism,metadata_only_until_prompt_exposed,expert_case,Business & Workplace,,pending_gold_slice_validation,requires_fresh_generations,v1,2026-04-22
morebench,morebench_theory,morebench_theory__0020,20,ai_risk_dilemmas,long_case,ai_agent,Education,Aristotelian Virtue Ethics,ai_agent,blocked_on_augmentation,Aristotelian Virtue Ethics,metadata_only_until_prompt_exposed,long_case,Education,,pending_gold_slice_validation,requires_fresh_generations,v1,2026-04-22
morebench,morebench_theory,morebench_theory__0021,21,ai_risk_dilemmas,long_case,ai_agent,Transport,Kantian Deontology,ai_agent,blocked_on_augmentation,Kantian Deontology,metadata_only_until_prompt_exposed,long_case,Transport,,pending_gold_slice_validation,requires_fresh_generations,v1,2026-04-22
morebench,morebench_theory,morebench_theory__0022,22,ai_risk_dilemmas,long_case,ai_agent,Entertainment,Aristotelian Virtue Ethics,ai_agent,blocked_on_augmentation,Aristotelian Virtue Ethics,metadata_only_until_prompt_exposed,long_case,Entertainment,,pending_gold_slice_validation,requires_fresh_generations,v1,2026-04-22
morebench,morebench_theory,morebench_theory__0023,23,ai_risk_dilemmas,long_case,ai_agent,Business & Workplace,Act Utilitarianism,ai_agent,blocked_on_augmentation,Act Utilitarianism,metadata_only_until_prompt_exposed,long_case,Business & Workplace,,pending_gold_slice_validation,requires_fresh_generations,v1,2026-04-22
morebench,morebench_theory,morebench_theory__0024,24,expert_written_collab,expert_case,ai_agent,Others,Act Utilitarianism,ai_agent,blocked_on_augmentation,Act Utilitarianism,metadata_only_until_prompt_exposed,expert_case,Others,,pending_gold_slice_validation,requires_fresh_generations,v1,2026-04-22
morebench,morebench_theory,morebench_theory__0025,25,daily_dilemmas,long_case,ai_advisor,Interpersonal relationship,Scanlonian Contractualism,ai_advisor,blocked_on_augmentation,Scanlonian Contractualism,metadata_only_until_prompt_exposed,long_case,Interpersonal relationship,,pending_gold_slice_validation,requires_fresh_generations,v1,2026-04-22
morebench,morebench_theory,morebench_theory__0026,26,expert_written_collab,expert_case,ai_agent,Bioethics & Healthcare,Gauthierian Contractarianism,ai_agent,blocked_on_augmentation,Gauthierian Contractarianism,metadata_only_until_prompt_exposed,expert_case,Bioethics & Healthcare,,pending_gold_slice_validation,requires_fresh_generations,v1,2026-04-22
morebench,morebench_theory,morebench_theory__0027,27,expert_written_collab,expert_case,ai_agent,Business & Workplace,Aristotelian Virtue Ethics,ai_agent,blocked_on_augmentation,Aristotelian Virtue Ethics,metadata_only_until_prompt_exposed,expert_case,Business & Workplace,,pending_gold_slice_validation,requires_fresh_generations,v1,2026-04-22
morebench,morebench_theory,morebench_theory__0028,28,ai_risk_dilemmas,long_case,ai_agent,Animal & Environment,Aristotelian Virtue Ethics,ai_agent,blocked_on_augmentation,Aristotelian Virtue Ethics,metadata_only_until_prompt_exposed,long_case,Animal & Environment,,pending_gold_slice_validation,requires_fresh_generations,v1,2026-04-22
morebench,morebench_theory,morebench_theory__0029,29,daily_dilemmas,long_case,ai_advisor,Right & Duty & Justice,Gauthierian Contractarianism,ai_advisor,blocked_on_augmentation,Gauthierian Contractarianism,metadata_only_until_prompt_exposed,long_case,Right & Duty & Justice,,pending_gold_slice_validation,requires_fresh_generations,v1,2026-04-22
morebench,morebench_theory,morebench_theory__0030,30,ai_risk_dilemmas,long_case,ai_agent,Science & Techonology,Gauthierian Contractarianism,ai_agent,blocked_on_augmentation,Gauthierian Contractarianism,metadata_only_until_prompt_exposed,long_case,Science & Techonology,,pending_gold_slice_validation,requires_fresh_generations,v1,2026-04-22
morebench,morebench_theory,morebench_theory__0031,31,expert_written_collab,expert_case,ai_agent,Bioethics & Healthcare,Scanlonian Contractualism,ai_agent,blocked_on_augmentation,Scanlonian Contractualism,metadata_only_until_prompt_exposed,expert_case,Bioethics & Healthcare,,pending_gold_slice_validation,requires_fresh_generations,v1,2026-04-22
morebench,morebench_theory,morebench_theory__0032,32,daily_dilemmas,long_case,ai_advisor,Sports,Act Utilitarianism,ai_advisor,blocked_on_augmentation,Act Utilitarianism,metadata_only_until_prompt_exposed,long_case,Sports,,pending_gold_slice_validation,requires_fresh_generations,v1,2026-04-22
morebench,morebench_theory,morebench_theory__0033,33,ai_risk_dilemmas,long_case,ai_agent,Transport,Gauthierian Contractarianism,ai_agent,blocked_on_augmentation,Gauthierian Contractarianism,metadata_only_until_prompt_exposed,long_case,Transport,,pending_gold_slice_validation,requires_fresh_generations,v1,2026-04-22
morebench,morebench_theory,morebench_theory__0034,34,daily_dilemmas,long_case,ai_advisor,Interpersonal relationship,Scanlonian Contractualism,ai_advisor,blocked_on_augmentation,Scanlonian Contractualism,metadata_only_until_prompt_exposed,long_case,Interpersonal relationship,,pending_gold_slice_validation,requires_fresh_generations,v1,2026-04-22
morebench,morebench_theory,morebench_theory__0035,35,expert_written_collab,expert_case,ai_agent,Right & Duty & Justice,Scanlonian Contractualism,ai_agent,blocked_on_augmentation,Scanlonian Contractualism,metadata_only_until_prompt_exposed,expert_case,Right & Duty & Justice,,pending_gold_slice_validation,requires_fresh_generations,v1,2026-04-22
morebench,morebench_theory,morebench_theory__0036,36,daily_dilemmas,long_case,ai_advisor,Right & Duty & Justice,Act Utilitarianism,ai_advisor,blocked_on_augmentation,Act Utilitarianism,metadata_only_until_prompt_exposed,long_case,Right & Duty & Justice,,pending_gold_slice_validation,requires_fresh_generations,v1,2026-04-22
morebench,morebench_theory,morebench_theory__0037,37,expert_written_collab,expert_case,ai_agent,Education,Aristotelian Virtue Ethics,ai_agent,blocked_on_augmentation,Aristotelian Virtue Ethics,metadata_only_until_prompt_exposed,expert_case,Education,,pending_gold_slice_validation,requires_fresh_generations,v1,2026-04-22
morebench,morebench_theory,morebench_theory__0038,38,expert_written_collab,expert_case,ai_agent,Animal & Environment,Aristotelian Virtue Ethics,ai_agent,blocked_on_augmentation,Aristotelian Virtue Ethics,metadata_only_until_prompt_exposed,expert_case,Animal & Environment,,pending_gold_slice_validation,requires_fresh_generations,v1,2026-04-22
morebench,morebench_theory,morebench_theory__0039,39,ai_risk_dilemmas,long_case,ai_agent,Transport,Act Utilitarianism,ai_agent,blocked_on_augmentation,Act Utilitarianism,metadata_only_until_prompt_exposed,long_case,Transport,,pending_gold_slice_validation,requires_fresh_generations,v1,2026-04-22
morebench,morebench_theory,morebench_theory__0040,40,expert_written_collab,expert_case,ai_agent,Others,Kantian Deontology,ai_agent,blocked_on_augmentation,Kantian Deontology,metadata_only_until_prompt_exposed,expert_case,Others,,pending_gold_slice_validation,requires_fresh_generations,v1,2026-04-22
morebench,morebench_theory,morebench_theory__0041,41,daily_dilemmas,long_case,ai_advisor,Interpersonal relationship,Kantian Deontology,ai_advisor,blocked_on_augmentation,Kantian Deontology,metadata_only_until_prompt_exposed,long_case,Interpersonal relationship,,pending_gold_slice_validation,requires_fresh_generations,v1,2026-04-22
morebench,morebench_theory,morebench_theory__0042,42,expert_written_collab,expert_case,ai_agent,Business & Workplace,Gauthierian Contractarianism,ai_agent,blocked_on_augmentation,Gauthierian Contractarianism,metadata_only_until_prompt_exposed,expert_case,Business & Workplace,,pending_gold_slice_validation,requires_fresh_generations,v1,2026-04-22
morebench,morebench_theory,morebench_theory__0043,43,daily_dilemmas,long_case,ai_advisor,Interpersonal relationship,Aristotelian Virtue Ethics,ai_advisor,blocked_on_augmentation,Aristotelian Virtue Ethics,metadata_only_until_prompt_exposed,long_case,Interpersonal relationship,,pending_gold_slice_validation,requires_fresh_generations,v1,2026-04-22
morebench,morebench_theory,morebench_theory__0044,44,ai_risk_dilemmas,long_case,ai_agent,Transport,Aristotelian Virtue Ethics,ai_agent,blocked_on_augmentation,Aristotelian Virtue Ethics,metadata_only_until_prompt_exposed,long_case,Transport,,pending_gold_slice_validation,requires_fresh_generations,v1,2026-04-22
morebench,morebench_theory,morebench_theory__0045,45,daily_dilemmas,long_case,ai_advisor,Interpersonal relationship,Gauthierian Contractarianism,ai_advisor,blocked_on_augmentation,Gauthierian Contractarianism,metadata_only_until_prompt_exposed,long_case,Interpersonal relationship,,pending_gold_slice_validation,requires_fresh_generations,v1,2026-04-22
morebench,morebench_theory,morebench_theory__0046,46,expert_written_collab,expert_case,ai_agent,Right & Duty & Justice,Kantian Deontology,ai_agent,blocked_on_augmentation,Kantian Deontology,metadata_only_until_prompt_exposed,expert_case,Right & Duty & Justice,,pending_gold_slice_validation,requires_fresh_generations,v1,2026-04-22
morebench,morebench_theory,morebench_theory__0047,47,ai_risk_dilemmas,long_case,ai_agent,Transport,Scanlonian Contractualism,ai_agent,blocked_on_augmentation,Scanlonian Contractualism,metadata_only_until_prompt_exposed,long_case,Transport,,pending_gold_slice_validation,requires_fresh_generations,v1,2026-04-22
morebench,morebench_theory,morebench_theory__0048,48,daily_dilemmas,long_case,ai_advisor,Interpersonal relationship,Scanlonian Contractualism,ai_advisor,blocked_on_augmentation,Scanlonian Contractualism,metadata_only_until_prompt_exposed,long_case,Interpersonal relationship,,pending_gold_slice_validation,requires_fresh_generations,v1,2026-04-22
morebench,morebench_theory,morebench_theory__0049,49,ai_risk_dilemmas,long_case,ai_agent,Education,Gauthierian Contractarianism,ai_agent,blocked_on_augmentation,Gauthierian Contractarianism,metadata_only_until_prompt_exposed,long_case,Education,,pending_gold_slice_validation,requires_fresh_generations,v1,2026-04-22
morebench,morebench_theory,morebench_theory__0050,50,daily_dilemmas,long_case,ai_advisor,Professional Ethics,Gauthierian Contractarianism,ai_advisor,blocked_on_augmentation,Gauthierian Contractarianism,metadata_only_until_prompt_exposed,long_case,Professional Ethics,,pending_gold_slice_validation,requires_fresh_generations,v1,2026-04-22
morebench,morebench_theory,morebench_theory__0051,51,expert_written_collab,expert_case,ai_agent,Bioethics & Healthcare,Aristotelian Virtue Ethics,ai_agent,blocked_on_augmentation,Aristotelian Virtue Ethics,metadata_only_until_prompt_exposed,expert_case,Bioethics & Healthcare,,pending_gold_slice_validation,requires_fresh_generations,v1,2026-04-22
morebench,morebench_theory,morebench_theory__0052,52,ai_risk_dilemmas,long_case,ai_agent,Transport,Aristotelian Virtue Ethics,ai_agent,blocked_on_augmentation,Aristotelian Virtue Ethics,metadata_only_until_prompt_exposed,long_case,Transport,,pending_gold_slice_validation,requires_fresh_generations,v1,2026-04-22
morebench,morebench_theory,morebench_theory__0053,53,ai_risk_dilemmas,long_case,ai_agent,Bioethics & Healthcare,Aristotelian Virtue Ethics,ai_agent,blocked_on_augmentation,Aristotelian Virtue Ethics,metadata_only_until_prompt_exposed,long_case,Bioethics & Healthcare,,pending_gold_slice_validation,requires_fresh_generations,v1,2026-04-22
morebench,morebench_theory,morebench_theory__0054,54,daily_dilemmas,long_case,ai_advisor,Interpersonal relationship,Kantian Deontology,ai_advisor,blocked_on_augmentation,Kantian Deontology,metadata_only_until_prompt_exposed,long_case,Interpersonal relationship,,pending_gold_slice_validation,requires_fresh_generations,v1,2026-04-22
morebench,morebench_theory,morebench_theory__0055,55,ai_risk_dilemmas,long_case,ai_agent,Entertainment,Kantian Deontology,ai_agent,blocked_on_augmentation,Kantian Deontology,metadata_only_until_prompt_exposed,long_case,Entertainment,,pending_gold_slice_validation,requires_fresh_generations,v1,2026-04-22
morebench,morebench_theory,morebench_theory__0056,56,expert_written_collab,expert_case,ai_agent,Business & Workplace,Kantian Deontology,ai_agent,blocked_on_augmentation,Kantian Deontology,metadata_only_until_prompt_exposed,expert_case,Business & Workplace,,pending_gold_slice_validation,requires_fresh_generations,v1,2026-04-22
morebench,morebench_theory,morebench_theory__0057,57,daily_dilemmas,long_case,ai_advisor,Right & Duty & Justice,Aristotelian Virtue Ethics,ai_advisor,blocked_on_augmentation,Aristotelian Virtue Ethics,metadata_only_until_prompt_exposed,long_case,Right & Duty & Justice,,pending_gold_slice_validation,requires_fresh_generations,v1,2026-04-22
morebench,morebench_theory,morebench_theory__0058,58,ai_risk_dilemmas,long_case,ai_agent,Education,Act Utilitarianism,ai_agent,blocked_on_augmentation,Act Utilitarianism,metadata_only_until_prompt_exposed,long_case,Education,,pending_gold_slice_validation,requires_fresh_generations,v1,2026-04-22
morebench,morebench_theory,morebench_theory__0059,59,daily_dilemmas,long_case,ai_advisor,Interpersonal relationship,Aristotelian Virtue Ethics,ai_advisor,blocked_on_augmentation,Aristotelian Virtue Ethics,metadata_only_until_prompt_exposed,long_case,Interpersonal relationship,,pending_gold_slice_validation,requires_fresh_generations,v1,2026-04-22
morebench,morebench_theory,morebench_theory__0060,60,daily_dilemmas,long_case,ai_advisor,Sports,Gauthierian Contractarianism,ai_advisor,blocked_on_augmentation,Gauthierian Contractarianism,metadata_only_until_prompt_exposed,long_case,Sports,,pending_gold_slice_validation,requires_fresh_generations,v1,2026-04-22
morebench,morebench_theory,morebench_theory__0061,61,daily_dilemmas,long_case,ai_advisor,Interpersonal relationship,Gauthierian Contractarianism,ai_advisor,blocked_on_augmentation,Gauthierian Contractarianism,metadata_only_until_prompt_exposed,long_case,Interpersonal relationship,,pending_gold_slice_validation,requires_fresh_generations,v1,2026-04-22
morebench,morebench_theory,morebench_theory__0062,62,expert_written_collab,expert_case,ai_agent,Education,Scanlonian Contractualism,ai_agent,blocked_on_augmentation,Scanlonian Contractualism,metadata_only_until_prompt_exposed,expert_case,Education,,pending_gold_slice_validation,requires_fresh_generations,v1,2026-04-22
morebench,morebench_theory,morebench_theory__0063,63,expert_written_collab,expert_case,ai_agent,Bioethics & Healthcare,Kantian Deontology,ai_agent,blocked_on_augmentation,Kantian Deontology,metadata_only_until_prompt_exposed,expert_case,Bioethics & Healthcare,,pending_gold_slice_validation,requires_fresh_generations,v1,2026-04-22
morebench,morebench_theory,morebench_theory__0064,64,expert_written_collab,expert_case,ai_agent,Business & Workplace,Aristotelian Virtue Ethics,ai_agent,blocked_on_augmentation,Aristotelian Virtue Ethics,metadata_only_until_prompt_exposed,expert_case,Business & Workplace,,pending_gold_slice_validation,requires_fresh_generations,v1,2026-04-22
morebench,morebench_theory,morebench_theory__0065,65,daily_dilemmas,long_case,ai_advisor,Interpersonal relationship,Kantian Deontology,ai_advisor,blocked_on_augmentation,Kantian Deontology,metadata_only_until_prompt_exposed,long_case,Interpersonal relationship,,pending_gold_slice_validation,requires_fresh_generations,v1,2026-04-22
morebench,morebench_theory,morebench_theory__0066,66,ai_risk_dilemmas,long_case,ai_agent,Transport,Scanlonian Contractualism,ai_agent,blocked_on_augmentation,Scanlonian Contractualism,metadata_only_until_prompt_exposed,long_case,Transport,,pending_gold_slice_validation,requires_fresh_generations,v1,2026-04-22
morebench,morebench_theory,morebench_theory__0067,67,daily_dilemmas,long_case,ai_advisor,Interpersonal relationship,Act Utilitarianism,ai_advisor,blocked_on_augmentation,Act Utilitarianism,metadata_only_until_prompt_exposed,long_case,Interpersonal relationship,,pending_gold_slice_validation,requires_fresh_generations,v1,2026-04-22
morebench,morebench_theory,morebench_theory__0068,68,expert_written_collab,expert_case,ai_agent,Others,Scanlonian Contractualism,ai_agent,blocked_on_augmentation,Scanlonian Contractualism,metadata_only_until_prompt_exposed,expert_case,Others,,pending_gold_slice_validation,requires_fresh_generations,v1,2026-04-22
morebench,morebench_theory,morebench_theory__0069,69,expert_written_collab,expert_case,ai_agent,Business & Workplace,Act Utilitarianism,ai_agent,blocked_on_augmentation,Act Utilitarianism,metadata_only_until_prompt_exposed,expert_case,Business & Workplace,,pending_gold_slice_validation,requires_fresh_generations,v1,2026-04-22
morebench,morebench_theory,morebench_theory__0070,70,ai_risk_dilemmas,long_case,ai_agent,Animal & Environment,Act Utilitarianism,ai_agent,blocked_on_augmentation,Act Utilitarianism,metadata_only_until_prompt_exposed,long_case,Animal & Environment,,pending_gold_slice_validation,requires_fresh_generations,v1,2026-04-22
morebench,morebench_theory,morebench_theory__0071,71,ai_risk_dilemmas,long_case,ai_agent,Education,Act Utilitarianism,ai_agent,blocked_on_augmentation,Act Utilitarianism,metadata_only_until_prompt_exposed,long_case,Education,,pending_gold_slice_validation,requires_fresh_generations,v1,2026-04-22
morebench,morebench_theory,morebench_theory__0072,72,expert_written_collab,expert_case,ai_agent,,Act Utilitarianism,ai_agent,blocked_on_augmentation,Act Utilitarianism,metadata_only_until_prompt_exposed,expert_case,,,pending_gold_slice_validation,requires_fresh_generations,v1,2026-04-22
morebench,morebench_theory,morebench_theory__0073,73,ai_risk_dilemmas,long_case,ai_agent,Bioethics & Healthcare,Act Utilitarianism,ai_agent,blocked_on_augmentation,Act Utilitarianism,metadata_only_until_prompt_exposed,long_case,Bioethics & Healthcare,,pending_gold_slice_validation,requires_fresh_generations,v1,2026-04-22
morebench,morebench_theory,morebench_theory__0074,74,daily_dilemmas,long_case,ai_advisor,Interpersonal relationship,Scanlonian Contractualism,ai_advisor,blocked_on_augmentation,Scanlonian Contractualism,metadata_only_until_prompt_exposed,long_case,Interpersonal relationship,,pending_gold_slice_validation,requires_fresh_generations,v1,2026-04-22
morebench,morebench_theory,morebench_theory__0075,75,ai_risk_dilemmas,long_case,ai_agent,Animal & Environment,Scanlonian Contractualism,ai_agent,blocked_on_augmentation,Scanlonian Contractualism,metadata_only_until_prompt_exposed,long_case,Animal & Environment,,pending_gold_slice_validation,requires_fresh_generations,v1,2026-04-22
morebench,morebench_theory,morebench_theory__0076,76,expert_written_collab,expert_case,ai_agent,Bioethics & Healthcare,Act Utilitarianism,ai_agent,blocked_on_augmentation,Act Utilitarianism,metadata_only_until_prompt_exposed,expert_case,Bioethics & Healthcare,,pending_gold_slice_validation,requires_fresh_generations,v1,2026-04-22
morebench,morebench_theory,morebench_theory__0077,77,ai_risk_dilemmas,long_case,ai_agent,Business & Workplace,Gauthierian Contractarianism,ai_agent,blocked_on_augmentation,Gauthierian Contractarianism,metadata_only_until_prompt_exposed,long_case,Business & Workplace,,pending_gold_slice_validation,requires_fresh_generations,v1,2026-04-22
morebench,morebench_theory,morebench_theory__0078,78,ai_risk_dilemmas,long_case,ai_agent,Education,Gauthierian Contractarianism,ai_agent,blocked_on_augmentation,Gauthierian Contractarianism,metadata_only_until_prompt_exposed,long_case,Education,,pending_gold_slice_validation,requires_fresh_generations,v1,2026-04-22
morebench,morebench_theory,morebench_theory__0079,79,daily_dilemmas,long_case,ai_advisor,Interpersonal relationship,Aristotelian Virtue Ethics,ai_advisor,blocked_on_augmentation,Aristotelian Virtue Ethics,metadata_only_until_prompt_exposed,long_case,Interpersonal relationship,,pending_gold_slice_validation,requires_fresh_generations,v1,2026-04-22
morebench,morebench_theory,morebench_theory__0080,80,daily_dilemmas,long_case,ai_advisor,Interpersonal relationship,Scanlonian Contractualism,ai_advisor,blocked_on_augmentation,Scanlonian Contractualism,metadata_only_until_prompt_exposed,long_case,Interpersonal relationship,,pending_gold_slice_validation,requires_fresh_generations,v1,2026-04-22
morebench,morebench_theory,morebench_theory__0081,81,daily_dilemmas,long_case,ai_advisor,Interpersonal relationship,Gauthierian Contractarianism,ai_advisor,blocked_on_augmentation,Gauthierian Contractarianism,metadata_only_until_prompt_exposed,long_case,Interpersonal relationship,,pending_gold_slice_validation,requires_fresh_generations,v1,2026-04-22
morebench,morebench_theory,morebench_theory__0082,82,expert_written_collab,expert_case,ai_agent,Bioethics & Healthcare,Aristotelian Virtue Ethics,ai_agent,blocked_on_augmentation,Aristotelian Virtue Ethics,metadata_only_until_prompt_exposed,expert_case,Bioethics & Healthcare,,pending_gold_slice_validation,requires_fresh_generations,v1,2026-04-22
morebench,morebench_theory,morebench_theory__0083,83,daily_dilemmas,long_case,ai_advisor,Sports,Kantian Deontology,ai_advisor,blocked_on_augmentation,Kantian Deontology,metadata_only_until_prompt_exposed,long_case,Sports,,pending_gold_slice_validation,requires_fresh_generations,v1,2026-04-22
morebench,morebench_theory,morebench_theory__0084,84,ai_risk_dilemmas,long_case,ai_agent,Education,Scanlonian Contractualism,ai_agent,blocked_on_augmentation,Scanlonian Contractualism,metadata_only_until_prompt_exposed,long_case,Education,,pending_gold_slice_validation,requires_fresh_generations,v1,2026-04-22
morebench,morebench_theory,morebench_theory__0085,85,expert_written_collab,expert_case,ai_agent,Bioethics & Healthcare,Gauthierian Contractarianism,ai_agent,blocked_on_augmentation,Gauthierian Contractarianism,metadata_only_until_prompt_exposed,expert_case,Bioethics & Healthcare,,pending_gold_slice_validation,requires_fresh_generations,v1,2026-04-22
morebench,morebench_theory,morebench_theory__0086,86,expert_written_collab,expert_case,ai_agent,,Kantian Deontology,ai_agent,blocked_on_augmentation,Kantian Deontology,metadata_only_until_prompt_exposed,expert_case,,,pending_gold_slice_validation,requires_fresh_generations,v1,2026-04-22
morebench,morebench_theory,morebench_theory__0087,87,ai_risk_dilemmas,long_case,ai_agent,Entertainment,Scanlonian Contractualism,ai_agent,blocked_on_augmentation,Scanlonian Contractualism,metadata_only_until_prompt_exposed,long_case,Entertainment,,pending_gold_slice_validation,requires_fresh_generations,v1,2026-04-22
morebench,morebench_theory,morebench_theory__0088,88,expert_written_collab,expert_case,ai_agent,,Scanlonian Contractualism,ai_agent,blocked_on_augmentation,Scanlonian Contractualism,metadata_only_until_prompt_exposed,expert_case,,,pending_gold_slice_validation,requires_fresh_generations,v1,2026-04-22
morebench,morebench_theory,morebench_theory__0089,89,ai_risk_dilemmas,long_case,ai_agent,Business & Workplace,Kantian Deontology,ai_agent,blocked_on_augmentation,Kantian Deontology,metadata_only_until_prompt_exposed,long_case,Business & Workplace,,pending_gold_slice_validation,requires_fresh_generations,v1,2026-04-22
morebench,morebench_theory,morebench_theory__0090,90,ai_risk_dilemmas,long_case,ai_agent,Education,Aristotelian Virtue Ethics,ai_agent,blocked_on_augmentation,Aristotelian Virtue Ethics,metadata_only_until_prompt_exposed,long_case,Education,,pending_gold_slice_validation,requires_fresh_generations,v1,2026-04-22
morebench,morebench_theory,morebench_theory__0091,91,ai_risk_dilemmas,long_case,ai_agent,Business & Workplace,Scanlonian Contractualism,ai_agent,blocked_on_augmentation,Scanlonian Contractualism,metadata_only_until_prompt_exposed,long_case,Business & Workplace,,pending_gold_slice_validation,requires_fresh_generations,v1,2026-04-22
morebench,morebench_theory,morebench_theory__0092,92,expert_written_collab,expert_case,ai_agent,Bioethics & Healthcare,Kantian Deontology,ai_agent,blocked_on_augmentation,Kantian Deontology,metadata_only_until_prompt_exposed,expert_case,Bioethics & Healthcare,,pending_gold_slice_validation,requires_fresh_generations,v1,2026-04-22
morebench,morebench_theory,morebench_theory__0093,93,expert_written_collab,expert_case,ai_agent,,Act Utilitarianism,ai_agent,blocked_on_augmentation,Act Utilitarianism,metadata_only_until_prompt_exposed,expert_case,,,pending_gold_slice_validation,requires_fresh_generations,v1,2026-04-22
morebench,morebench_theory,morebench_theory__0094,94,expert_written_collab,expert_case,ai_agent,Bioethics & Healthcare,Scanlonian Contractualism,ai_agent,blocked_on_augmentation,Scanlonian Contractualism,metadata_only_until_prompt_exposed,expert_case,Bioethics & Healthcare,,pending_gold_slice_validation,requires_fresh_generations,v1,2026-04-22
morebench,morebench_theory,morebench_theory__0095,95,expert_written_collab,expert_case,ai_agent,Right & Duty & Justice,Act Utilitarianism,ai_agent,blocked_on_augmentation,Act Utilitarianism,metadata_only_until_prompt_exposed,expert_case,Right & Duty & Justice,,pending_gold_slice_validation,requires_fresh_generations,v1,2026-04-22
morebench,morebench_theory,morebench_theory__0096,96,ai_risk_dilemmas,long_case,ai_agent,Transport,Kantian Deontology,ai_agent,blocked_on_augmentation,Kantian Deontology,metadata_only_until_prompt_exposed,long_case,Transport,,pending_gold_slice_validation,requires_fresh_generations,v1,2026-04-22
morebench,morebench_theory,morebench_theory__0097,97,ai_risk_dilemmas,long_case,ai_agent,Bioethics & Healthcare,Scanlonian Contractualism,ai_agent,blocked_on_augmentation,Scanlonian Contractualism,metadata_only_until_prompt_exposed,long_case,Bioethics & Healthcare,,pending_gold_slice_validation,requires_fresh_generations,v1,2026-04-22
morebench,morebench_theory,morebench_theory__0098,98,expert_written_collab,expert_case,ai_agent,,Act Utilitarianism,ai_agent,blocked_on_augmentation,Act Utilitarianism,metadata_only_until_prompt_exposed,expert_case,,,pending_gold_slice_validation,requires_fresh_generations,v1,2026-04-22
morebench,morebench_theory,morebench_theory__0099,99,daily_dilemmas,long_case,ai_advisor,Sports,Scanlonian Contractualism,ai_advisor,blocked_on_augmentation,Scanlonian Contractualism,metadata_only_until_prompt_exposed,long_case,Sports,,pending_gold_slice_validation,requires_fresh_generations,v1,2026-04-22
morebench,morebench_theory,morebench_theory__0100,100,ai_risk_dilemmas,long_case,ai_agent,Science & Techonology,Act Utilitarianism,ai_agent,blocked_on_augmentation,Act Utilitarianism,metadata_only_until_prompt_exposed,long_case,Science & Techonology,,pending_gold_slice_validation,requires_fresh_generations,v1,2026-04-22
morebench,morebench_theory,morebench_theory__0101,101,ai_risk_dilemmas,long_case,ai_agent,Entertainment,Gauthierian Contractarianism,ai_agent,blocked_on_augmentation,Gauthierian Contractarianism,metadata_only_until_prompt_exposed,long_case,Entertainment,,pending_gold_slice_validation,requires_fresh_generations,v1,2026-04-22
morebench,morebench_theory,morebench_theory__0102,102,expert_written_collab,expert_case,ai_agent,Others,Kantian Deontology,ai_agent,blocked_on_augmentation,Kantian Deontology,metadata_only_until_prompt_exposed,expert_case,Others,,pending_gold_slice_validation,requires_fresh_generations,v1,2026-04-22
morebench,morebench_theory,morebench_theory__0103,103,expert_written_collab,expert_case,ai_agent,,Kantian Deontology,ai_agent,blocked_on_augmentation,Kantian Deontology,metadata_only_until_prompt_exposed,expert_case,,,pending_gold_slice_validation,requires_fresh_generations,v1,2026-04-22
morebench,morebench_theory,morebench_theory__0104,104,daily_dilemmas,long_case,ai_advisor,Professional Ethics,Act Utilitarianism,ai_advisor,blocked_on_augmentation,Act Utilitarianism,metadata_only_until_prompt_exposed,long_case,Professional Ethics,,pending_gold_slice_validation,requires_fresh_generations,v1,2026-04-22
morebench,morebench_theory,morebench_theory__0105,105,expert_written_collab,expert_case,ai_agent,,Gauthierian Contractarianism,ai_agent,blocked_on_augmentation,Gauthierian Contractarianism,metadata_only_until_prompt_exposed,expert_case,,,pending_gold_slice_validation,requires_fresh_generations,v1,2026-04-22
morebench,morebench_theory,morebench_theory__0106,106,expert_written_collab,expert_case,ai_agent,,Gauthierian Contractarianism,ai_agent,blocked_on_augmentation,Gauthierian Contractarianism,metadata_only_until_prompt_exposed,expert_case,,,pending_gold_slice_validation,requires_fresh_generations,v1,2026-04-22
morebench,morebench_theory,morebench_theory__0107,107,ai_risk_dilemmas,long_case,ai_agent,Education,Kantian Deontology,ai_agent,blocked_on_augmentation,Kantian Deontology,metadata_only_until_prompt_exposed,long_case,Education,,pending_gold_slice_validation,requires_fresh_generations,v1,2026-04-22
morebench,morebench_theory,morebench_theory__0108,108,expert_written_collab,expert_case,ai_agent,Others,Act Utilitarianism,ai_agent,blocked_on_augmentation,Act Utilitarianism,metadata_only_until_prompt_exposed,expert_case,Others,,pending_gold_slice_validation,requires_fresh_generations,v1,2026-04-22
morebench,morebench_theory,morebench_theory__0109,109,expert_written_collab,expert_case,ai_agent,Others,Gauthierian Contractarianism,ai_agent,blocked_on_augmentation,Gauthierian Contractarianism,metadata_only_until_prompt_exposed,expert_case,Others,,pending_gold_slice_validation,requires_fresh_generations,v1,2026-04-22
morebench,morebench_theory,morebench_theory__0110,110,daily_dilemmas,long_case,ai_advisor,Interpersonal relationship,Gauthierian Contractarianism,ai_advisor,blocked_on_augmentation,Gauthierian Contractarianism,metadata_only_until_prompt_exposed,long_case,Interpersonal relationship,,pending_gold_slice_validation,requires_fresh_generations,v1,2026-04-22
morebench,morebench_theory,morebench_theory__0111,111,ai_risk_dilemmas,long_case,ai_agent,Science & Techonology,Aristotelian Virtue Ethics,ai_agent,blocked_on_augmentation,Aristotelian Virtue Ethics,metadata_only_until_prompt_exposed,long_case,Science & Techonology,,pending_gold_slice_validation,requires_fresh_generations,v1,2026-04-22
morebench,morebench_theory,morebench_theory__0112,112,daily_dilemmas,long_case,ai_advisor,Right & Duty & Justice,Scanlonian Contractualism,ai_advisor,blocked_on_augmentation,Scanlonian Contractualism,metadata_only_until_prompt_exposed,long_case,Right & Duty & Justice,,pending_gold_slice_validation,requires_fresh_generations,v1,2026-04-22
morebench,morebench_theory,morebench_theory__0113,113,ai_risk_dilemmas,long_case,ai_agent,Animal & Environment,Gauthierian Contractarianism,ai_agent,blocked_on_augmentation,Gauthierian Contractarianism,metadata_only_until_prompt_exposed,long_case,Animal & Environment,,pending_gold_slice_validation,requires_fresh_generations,v1,2026-04-22
morebench,morebench_theory,morebench_theory__0114,114,ai_risk_dilemmas,long_case,ai_agent,Transport,Gauthierian Contractarianism,ai_agent,blocked_on_augmentation,Gauthierian Contractarianism,metadata_only_until_prompt_exposed,long_case,Transport,,pending_gold_slice_validation,requires_fresh_generations,v1,2026-04-22
morebench,morebench_theory,morebench_theory__0115,115,ai_risk_dilemmas,long_case,ai_agent,Education,Scanlonian Contractualism,ai_agent,blocked_on_augmentation,Scanlonian Contractualism,metadata_only_until_prompt_exposed,long_case,Education,,pending_gold_slice_validation,requires_fresh_generations,v1,2026-04-22
morebench,morebench_theory,morebench_theory__0116,116,expert_written_collab,expert_case,ai_agent,,Kantian Deontology,ai_agent,blocked_on_augmentation,Kantian Deontology,metadata_only_until_prompt_exposed,expert_case,,,pending_gold_slice_validation,requires_fresh_generations,v1,2026-04-22
morebench,morebench_theory,morebench_theory__0117,117,ai_risk_dilemmas,long_case,ai_agent,Education,Aristotelian Virtue Ethics,ai_agent,blocked_on_augmentation,Aristotelian Virtue Ethics,metadata_only_until_prompt_exposed,long_case,Education,,pending_gold_slice_validation,requires_fresh_generations,v1,2026-04-22
morebench,morebench_theory,morebench_theory__0118,118,ai_risk_dilemmas,long_case,ai_agent,Animal & Environment,Kantian Deontology,ai_agent,blocked_on_augmentation,Kantian Deontology,metadata_only_until_prompt_exposed,long_case,Animal & Environment,,pending_gold_slice_validation,requires_fresh_generations,v1,2026-04-22
morebench,morebench_theory,morebench_theory__0119,119,ai_risk_dilemmas,long_case,ai_agent,Education,Scanlonian Contractualism,ai_agent,blocked_on_augmentation,Scanlonian Contractualism,metadata_only_until_prompt_exposed,long_case,Education,,pending_gold_slice_validation,requires_fresh_generations,v1,2026-04-22
morebench,morebench_theory,morebench_theory__0120,120,expert_written_collab,expert_case,ai_agent,,Scanlonian Contractualism,ai_agent,blocked_on_augmentation,Scanlonian Contractualism,metadata_only_until_prompt_exposed,expert_case,,,pending_gold_slice_validation,requires_fresh_generations,v1,2026-04-22
morebench,morebench_theory,morebench_theory__0121,121,daily_dilemmas,long_case,ai_advisor,Interpersonal relationship,Aristotelian Virtue Ethics,ai_advisor,blocked_on_augmentation,Aristotelian Virtue Ethics,metadata_only_until_prompt_exposed,long_case,Interpersonal relationship,,pending_gold_slice_validation,requires_fresh_generations,v1,2026-04-22
morebench,morebench_theory,morebench_theory__0122,122,expert_written_collab,expert_case,ai_agent,,Gauthierian Contractarianism,ai_agent,blocked_on_augmentation,Gauthierian Contractarianism,metadata_only_until_prompt_exposed,expert_case,,,pending_gold_slice_validation,requires_fresh_generations,v1,2026-04-22
morebench,morebench_theory,morebench_theory__0123,123,daily_dilemmas,long_case,ai_advisor,Professional Ethics,Aristotelian Virtue Ethics,ai_advisor,blocked_on_augmentation,Aristotelian Virtue Ethics,metadata_only_until_prompt_exposed,long_case,Professional Ethics,,pending_gold_slice_validation,requires_fresh_generations,v1,2026-04-22
morebench,morebench_theory,morebench_theory__0124,124,daily_dilemmas,long_case,ai_advisor,Right & Duty & Justice,Kantian Deontology,ai_advisor,blocked_on_augmentation,Kantian Deontology,metadata_only_until_prompt_exposed,long_case,Right & Duty & Justice,,pending_gold_slice_validation,requires_fresh_generations,v1,2026-04-22
morebench,morebench_theory,morebench_theory__0125,125,ai_risk_dilemmas,long_case,ai_agent,Science & Techonology,Kantian Deontology,ai_agent,blocked_on_augmentation,Kantian Deontology,metadata_only_until_prompt_exposed,long_case,Science & Techonology,,pending_gold_slice_validation,requires_fresh_generations,v1,2026-04-22
morebench,morebench_theory,morebench_theory__0126,126,daily_dilemmas,long_case,ai_advisor,Interpersonal relationship,Gauthierian Contractarianism,ai_advisor,blocked_on_augmentation,Gauthierian Contractarianism,metadata_only_until_prompt_exposed,long_case,Interpersonal relationship,,pending_gold_slice_validation,requires_fresh_generations,v1,2026-04-22
morebench,morebench_theory,morebench_theory__0127,127,ai_risk_dilemmas,long_case,ai_agent,Bioethics & Healthcare,Gauthierian Contractarianism,ai_agent,blocked_on_augmentation,Gauthierian Contractarianism,metadata_only_until_prompt_exposed,long_case,Bioethics & Healthcare,,pending_gold_slice_validation,requires_fresh_generations,v1,2026-04-22
morebench,morebench_theory,morebench_theory__0128,128,expert_written_collab,expert_case,ai_agent,Others,Gauthierian Contractarianism,ai_agent,blocked_on_augmentation,Gauthierian Contractarianism,metadata_only_until_prompt_exposed,expert_case,Others,,pending_gold_slice_validation,requires_fresh_generations,v1,2026-04-22
morebench,morebench_theory,morebench_theory__0129,129,ai_risk_dilemmas,long_case,ai_agent,Education,Kantian Deontology,ai_agent,blocked_on_augmentation,Kantian Deontology,metadata_only_until_prompt_exposed,long_case,Education,,pending_gold_slice_validation,requires_fresh_generations,v1,2026-04-22
morebench,morebench_theory,morebench_theory__0130,130,expert_written_collab,expert_case,ai_agent,Bioethics & Healthcare,Act Utilitarianism,ai_agent,blocked_on_augmentation,Act Utilitarianism,metadata_only_until_prompt_exposed,expert_case,Bioethics & Healthcare,,pending_gold_slice_validation,requires_fresh_generations,v1,2026-04-22
morebench,morebench_theory,morebench_theory__0131,131,daily_dilemmas,long_case,ai_advisor,Interpersonal relationship,Act Utilitarianism,ai_advisor,blocked_on_augmentation,Act Utilitarianism,metadata_only_until_prompt_exposed,long_case,Interpersonal relationship,,pending_gold_slice_validation,requires_fresh_generations,v1,2026-04-22
morebench,morebench_theory,morebench_theory__0132,132,expert_written_collab,expert_case,ai_agent,,Gauthierian Contractarianism,ai_agent,blocked_on_augmentation,Gauthierian Contractarianism,metadata_only_until_prompt_exposed,expert_case,,,pending_gold_slice_validation,requires_fresh_generations,v1,2026-04-22
morebench,morebench_theory,morebench_theory__0133,133,ai_risk_dilemmas,long_case,ai_agent,Education,Kantian Deontology,ai_agent,blocked_on_augmentation,Kantian Deontology,metadata_only_until_prompt_exposed,long_case,Education,,pending_gold_slice_validation,requires_fresh_generations,v1,2026-04-22
morebench,morebench_theory,morebench_theory__0134,134,daily_dilemmas,long_case,ai_advisor,Professional Ethics,Kantian Deontology,ai_advisor,blocked_on_augmentation,Kantian Deontology,metadata_only_until_prompt_exposed,long_case,Professional Ethics,,pending_gold_slice_validation,requires_fresh_generations,v1,2026-04-22
morebench,morebench_theory,morebench_theory__0135,135,ai_risk_dilemmas,long_case,ai_agent,Transport,Act Utilitarianism,ai_agent,blocked_on_augmentation,Act Utilitarianism,metadata_only_until_prompt_exposed,long_case,Transport,,pending_gold_slice_validation,requires_fresh_generations,v1,2026-04-22
morebench,morebench_theory,morebench_theory__0136,136,daily_dilemmas,long_case,ai_advisor,Interpersonal relationship,Aristotelian Virtue Ethics,ai_advisor,blocked_on_augmentation,Aristotelian Virtue Ethics,metadata_only_until_prompt_exposed,long_case,Interpersonal relationship,,pending_gold_slice_validation,requires_fresh_generations,v1,2026-04-22
morebench,morebench_theory,morebench_theory__0137,137,daily_dilemmas,long_case,ai_advisor,Right & Duty & Justice,Aristotelian Virtue Ethics,ai_advisor,blocked_on_augmentation,Aristotelian Virtue Ethics,metadata_only_until_prompt_exposed,long_case,Right & Duty & Justice,,pending_gold_slice_validation,requires_fresh_generations,v1,2026-04-22
morebench,morebench_theory,morebench_theory__0138,138,daily_dilemmas,long_case,ai_advisor,Interpersonal relationship,Kantian Deontology,ai_advisor,blocked_on_augmentation,Kantian Deontology,metadata_only_until_prompt_exposed,long_case,Interpersonal relationship,,pending_gold_slice_validation,requires_fresh_generations,v1,2026-04-22
morebench,morebench_theory,morebench_theory__0139,139,daily_dilemmas,long_case,ai_advisor,Sports,Aristotelian Virtue Ethics,ai_advisor,blocked_on_augmentation,Aristotelian Virtue Ethics,metadata_only_until_prompt_exposed,long_case,Sports,,pending_gold_slice_validation,requires_fresh_generations,v1,2026-04-22
morebench,morebench_theory,morebench_theory__0140,140,expert_written_collab,expert_case,ai_agent,Others,Aristotelian Virtue Ethics,ai_agent,blocked_on_augmentation,Aristotelian Virtue Ethics,metadata_only_until_prompt_exposed,expert_case,Others,,pending_gold_slice_validation,requires_fresh_generations,v1,2026-04-22
morebench,morebench_theory,morebench_theory__0141,141,daily_dilemmas,long_case,ai_advisor,Right & Duty & Justice,Gauthierian Contractarianism,ai_advisor,blocked_on_augmentation,Gauthierian Contractarianism,metadata_only_until_prompt_exposed,long_case,Right & Duty & Justice,,pending_gold_slice_validation,requires_fresh_generations,v1,2026-04-22
morebench,morebench_theory,morebench_theory__0142,142,daily_dilemmas,long_case,ai_advisor,Interpersonal relationship,Act Utilitarianism,ai_advisor,blocked_on_augmentation,Act Utilitarianism,metadata_only_until_prompt_exposed,long_case,Interpersonal relationship,,pending_gold_slice_validation,requires_fresh_generations,v1,2026-04-22
morebench,morebench_theory,morebench_theory__0143,143,ai_risk_dilemmas,long_case,ai_agent,Science & Techonology,Scanlonian Contractualism,ai_agent,blocked_on_augmentation,Scanlonian Contractualism,metadata_only_until_prompt_exposed,long_case,Science & Techonology,,pending_gold_slice_validation,requires_fresh_generations,v1,2026-04-22
morebench,morebench_theory,morebench_theory__0144,144,daily_dilemmas,long_case,ai_advisor,Interpersonal relationship,Kantian Deontology,ai_advisor,blocked_on_augmentation,Kantian Deontology,metadata_only_until_prompt_exposed,long_case,Interpersonal relationship,,pending_gold_slice_validation,requires_fresh_generations,v1,2026-04-22
morebench,morebench_theory,morebench_theory__0145,145,daily_dilemmas,long_case,ai_advisor,Interpersonal relationship,Kantian Deontology,ai_advisor,blocked_on_augmentation,Kantian Deontology,metadata_only_until_prompt_exposed,long_case,Interpersonal relationship,,pending_gold_slice_validation,requires_fresh_generations,v1,2026-04-22
morebench,morebench_theory,morebench_theory__0146,146,expert_written_collab,expert_case,ai_agent,,Act Utilitarianism,ai_agent,blocked_on_augmentation,Act Utilitarianism,metadata_only_until_prompt_exposed,expert_case,,,pending_gold_slice_validation,requires_fresh_generations,v1,2026-04-22
morebench,morebench_theory,morebench_theory__0147,147,daily_dilemmas,long_case,ai_advisor,Right & Duty & Justice,Kantian Deontology,ai_advisor,blocked_on_augmentation,Kantian Deontology,metadata_only_until_prompt_exposed,long_case,Right & Duty & Justice,,pending_gold_slice_validation,requires_fresh_generations,v1,2026-04-22
morebench,morebench_theory,morebench_theory__0148,148,ai_risk_dilemmas,long_case,ai_agent,Education,Act Utilitarianism,ai_agent,blocked_on_augmentation,Act Utilitarianism,metadata_only_until_prompt_exposed,long_case,Education,,pending_gold_slice_validation,requires_fresh_generations,v1,2026-04-22
morebench,morebench_theory,morebench_theory__0149,149,ai_risk_dilemmas,long_case,ai_agent,Business & Workplace,Aristotelian Virtue Ethics,ai_agent,blocked_on_augmentation,Aristotelian Virtue Ethics,metadata_only_until_prompt_exposed,long_case,Business & Workplace,,pending_gold_slice_validation,requires_fresh_generations,v1,2026-04-22
